Workbook
Name counts: shee2!$AN$10:$AN$1621
Name crack_s: shee2!$M$10:$M$1621
Name crack_s_index: shee2!$O$10:$O$1621
Name crack_t_index: shee2!$R$10:$R$1621
Name crack_ts: shee2!$P$10:$P$1621
Name d_s: shee2!$AE$10:$AE$1621
Name database1: shee2!$A$9:$AI$1621
Name database2: shee2!$AK$9:$AS$1621
Name database3: shee2!$AU$9:$AZ$1621
Name ee_s: shee2!$AB$10:$AB$1621
Name es_s: shee2!#REF!
Name n: shee2!$R$10:$R$695
Name patch_s: shee2!$V$10:$V$1621
Name pot_s: shee2!$S$10:$S$1621
Name rave_index: shee2!$AA$10:$AA$1621
Name rough_index: shee2!$AS$10:$AS$1621
Name rslpd: shee2!$AZ$10:$AZ$1621
Name rufmkm: shee2!$AQ$10:$AQ$1621
Name rufmmkm: shee2!$AR$10:$AR$1621
Name rut_index: shee2!$L$10:$L$1621
Name rut_s: shee2!$J$10:$J$1621
Name rv_s: shee2!$Y$10:$Y$1621

Sheet shee2
A1: Road Condition and Roughness Survey Data - 2026-27
A3: ="Route: "&A10&IF(B10="NB"," ( Karachi- Torkham )",IF(B10="NB"," (North Bound)","")) -> Route: N-5 ( Karachi- Torkham )
A4: =VLOOKUP(A10,'Sheet1 (2)'!A88:D118,4,FALSE) -> Karachi - Hyderabad - Multan - Lahore - Peshawar - Torkham
A6: PAVEMENT CONDITION SURVEY | AK6: ROAD ROUGHNESS SURVEY | AU6: REMAINING SERVICE LIFE
A7: Route | B7: Direction | C7: Km. | D7: Surface | E7: Road Width (m) | F7: Left Shoulder | H7: Right Shoulder | J7: Rutting | M7: Cracking (Structural) | P7: Cracking (Thermal) | S7: Potholes | V7: Patching | Y7: Ravelling | AB7: Edge Erosion | AE7: Drainage | AH7: Remarks | AI7: Date | AK7: Route | AL7: Direction | AM7: Km | AN7: Roughness Counts | AO7: Remarks | AP7: Date | AQ7: Roughness
F8: Width (m) | G8: Type | H8: Width (m) | I8: Type | J8: Severity | K8: Extent | L8: Index | M8: Severity | N8: Extent | O8: Index | P8: Severity | Q8: Extent | R8: Index | S8: Severity | T8: Extent | U8: Index | V8: Severity | W8: Extent | X8: Index | Y8: Severity | Z8: Extent | AA8: Index | AB8: Severity | AC8: Extent | AD8: Index | AE8: Severity | AF8: Extent | AG8: Index | AQ8: m/km | AR8: mm/km | AS8: Index | AU8: Rutting | AV8: Cracking (Structural) | AW8: Cracking (Thermal) | AX8: Ravelling | AY8: Roughness | AZ8: Pavement | BA8: Status
A9: route | B9: dir | C9: km | D9: stype | E9: rd-w | F9: sh-lw | G9: sh-lt | H9: sh-rw | I9: sh-rt | J9: rut-s | K9: rut-e | L9: ri | M9: crack-s | N9: crack-e | O9: ci | P9: crack-ts | Q9: crack-te | R9: ci | S9: pot-s | T9: pot-e | U9: pi | V9: Patch-s | W9: Patch-e | X9: pti | Y9: rv-s | Z9: rv-e | AA9: rvi | AB9: ee-s | AC9: ee-e | AD9: eei | AE9: d-s | AF9: d-e | AG9: di | AK9: Route | AL9: dir | AM9: km | AN9: count | AO9: rem | AP9: Date | AQ9: rufmkm | AR9: rufmmkm | AS9: gi | AU9: rslrd | AV9: rslcds | AW9: rslcdt | AX9: rslrv | AY9: rslgd | AZ9: rslpd
A10: N-5 | B10: NB | C10: 150 | D10: A | E10: 8 | F10: 1 | G10: A | H10: 0.5 | I10: A | J10: x | K10: x | L10: =VLOOKUP(CONCATENATE(J10,K10),'Sheet1 (2)'!$J$6:$K$26,2,FALSE) -> 0 | M10: x | N10: x | O10: =VLOOKUP(CONCATENATE(M10,N10),'Sheet1 (2)'!$L$6:$M$26,2,FALSE) -> 0 | P10: x | Q10: x | R10: =VLOOKUP(CONCATENATE(P10,Q10),'Sheet1 (2)'!$N$6:$O$26,2,FALSE) -> 0 | S10: x | T10: x | U10: =VLOOKUP(CONCATENATE(S10,T10),'Sheet1 (2)'!$P$6:$Q$26,2,FALSE) -> 0 | V10: x | W10: x | X10: =VLOOKUP(CONCATENATE(V10,W10),'Sheet1 (2)'!$R$6:$S$26,2,FALSE) -> 0 | Y10: c | Z10: d | AA10: =VLOOKUP(CONCATENATE(Y10,Z10),'Sheet1 (2)'!$T$6:$U$26,2,FALSE) -> 56.25 | AB10: x | AC10: x | AD10: =VLOOKUP(CONCATENATE(AB10,AC10),'Sheet1 (2)'!$X$6:$Y$26,2,FALSE) -> 0 | AE10: b | AF10: e | AG10: =VLOOKUP(CONCATENATE(AE10,AF10),'Sheet1 (2)'!$Z$6:$AA$26,2,FALSE) -> 66 | AI10: 26-12-2025 | AK10: N-5 | AL10: NB | AM10: =C10 -> 150 | AO10: 150 MP JAMSHOR TOLL PLAZA | AQ10: 3.5562237 | AS10: =LOOKUP(rufmkm,'Sheet1 (2)'!$V$62:$V$71,'Sheet1 (2)'!$W$62:$W$71) -> 40 | AU10: =IF(IF(D10='Sheet1 (2)'!$C$69,'Sheet1 (2)'!$D$69*('Sheet1 (2)'!$D$72-rut_index)/'Sheet1 (2)'!$D$72,IF(shee2!D10='Sheet1 (2)'!$C$70,'Sheet1 (2)'!$D$70*('Sheet1 (2)'!$D$72-rut_index)/'Sheet1 (2)'!$D$72,IF(shee2!D10='Sheet1 (2)'!$C$71,'Sheet1 (2)'!$D$71*('Sheet1 (2)'!$D$72-rut_index)/'Sheet1 (2)'!$D$72)))<0,0,IF(D10='Sheet1 (2)'!$C$69,'Sheet1 (2)'!$D$69*('Sheet1 (2)'!$D$72-rut_index)/'Sheet1 (2)'!$D$72,IF(shee2!D10='Sheet1 (2)'!$C$70,'Sheet1 (2)'!$D$70*('Sheet1 (2)'!$D$72-rut_index)/'Sheet1 (2)'!$D$72,IF(shee2!D10='Sheet1 (2)'!$C$71,'Sheet1 (2)'!$D$71*('Sheet1 (2)'!$D$72-rut_index)/'Sheet1 (2)'!$D$72)))) -> 5 | AV10: =IF(IF(D10='Sheet1 (2)'!$C$69,'Sheet1 (2)'!$D$69*('Sheet1 (2)'!$D$72-crack_s_index)/'Sheet1 (2)'!$D$72,IF(shee2!D10='Sheet1 (2)'!$C$70,'Sheet1 (2)'!$D$70*('Sheet1 (2)'!$D$72-crack_s_index)/'Sheet1 (2)'!$D$72,IF(shee2!D10='Sheet1 (2)'!$C$71,'Sheet1 (2)'!$D$71*('Sheet1 (2)'!$D$72-crack_s_index)/'Sheet1 (2)'!$D$72)))<0,0,IF(D10='Sheet1 (2)'!$C$69,'Sheet1 (2)'!$D$69*('Sheet1 (2)'!$D$72-crack_s_index)/'Sheet1 (2)'!$D$72,IF(shee2!D10='Sheet1 (2)'!$C$70,'Sheet1 (2)'!$D$70*('Sheet1 (2)'!$D$72-crack_s_index)/'Sheet1 (2)'!$D$72,IF(shee2!D10='Sheet1 (2)'!$C$71,'Sheet1 (2)'!$D$71*('Sheet1 (2)'!$D$72-crack_s_index)/'Sheet1 (2)'!$D$72)))) -> 5 | AW10: =IF(IF(D10='Sheet1 (2)'!$C$69,'Sheet1 (2)'!$D$69*('Sheet1 (2)'!$D$72-crack_t_index)/'Sheet1 (2)'!$D$72,IF(shee2!D10='Sheet1 (2)'!$C$70,'Sheet1 (2)'!$D$70*('Sheet1 (2)'!$D$72-crack_t_index)/'Sheet1 (2)'!$D$72,IF(shee2!D10='Sheet1 (2)'!$C$71,'Sheet1 (2)'!$D$71*('Sheet1 (2)'!$D$72-crack_t_index)/'Sheet1 (2)'!$D$72)))<0,0,IF(D10='Sheet1 (2)'!$C$69,'Sheet1 (2)'!$D$69*('Sheet1 (2)'!$D$72-crack_t_index)/'Sheet1 (2)'!$D$72,IF(shee2!D10='Sheet1 (2)'!$C$70,'Sheet1 (2)'!$D$70*('Sheet1 (2)'!$D$72-crack_t_index)/'Sheet1 (2)'!$D$72,IF(shee2!D10='Sheet1 (2)'!$C$71,'Sheet1 (2)'!$D$71*('Sheet1 (2)'!$D$72-crack_t_index)/'Sheet1 (2)'!$D$72)))) -> 5 | AX10: =IF(IF(D10='Sheet1 (2)'!$C$69,'Sheet1 (2)'!$D$69*('Sheet1 (2)'!$D$72-rave_index)/'Sheet1 (2)'!$D$72,IF(shee2!D10='Sheet1 (2)'!$C$70,'Sheet1 (2)'!$D$70*('Sheet1 (2)'!$D$72-rave_index)/'Sheet1 (2)'!$D$72,IF(shee2!D10='Sheet1 (2)'!$C$71,'Sheet1 (2)'!$D$71*('Sheet1 (2)'!$D$72-rave_index)/'Sheet1 (2)'!$D$72)))<0,0,IF(D10='Sheet1 (2)'!$C$69,'Sheet1 (2)'!$D$69*('Sheet1 (2)'!$D$72-rave_index)/'Sheet1 (2)'!$D$72,IF(shee2!D10='Sheet1 (2)'!$C$70,'Sheet1 (2)'!$D$70*('Sheet1 (2)'!$D$72-rave_index)/'Sheet1 (2)'!$D$72,IF(shee2!D10='Sheet1 (2)'!$C$71,'Sheet1 (2)'!$D$71*('Sheet1 (2)'!$D$72-rave_index)/'Sheet1 (2)'!$D$72)))) -> 0.3125 | AY10: =IF(IF(D10='Sheet1 (2)'!$C$69,'Sheet1 (2)'!$D$69*('Sheet1 (2)'!$D$72-rough_index)/'Sheet1 (2)'!$D$72,IF(shee2!D10='Sheet1 (2)'!$C$70,'Sheet1 (2)'!$D$70*('Sheet1 (2)'!$D$72-rough_index)/'Sheet1 (2)'!$D$72,IF(shee2!D10='Sheet1 (2)'!$C$71,'Sheet1 (2)'!$D$71*('Sheet1 (2)'!$D$72-rough_index)/'Sheet1 (2)'!$D$72)))<0,0,IF(D10='Sheet1 (2)'!$C$69,'Sheet1 (2)'!$D$69*('Sheet1 (2)'!$D$72-rough_index)/'Sheet1 (2)'!$D$72,IF(shee2!D10='Sheet1 (2)'!$C$70,'Sheet1 (2)'!$D$70*('Sheet1 (2)'!$D$72-rough_index)/'Sheet1 (2)'!$D$72,IF(shee2!D10='Sheet1 (2)'!$C$71,'Sheet1 (2)'!$D$71*('Sheet1 (2)'!$D$72-rough_index)/'Sheet1 (2)'!$D$72)))) -> 1.6666667 | AZ10: =+(AU10*'Sheet1 (2)'!$C$77)+(AV10*'Sheet1 (2)'!$C$78)+(AW10*'Sheet1 (2)'!$C$79)+(AX10*'Sheet1 (2)'!$C$80)+(AY10*'Sheet1 (2)'!$C$81) -> 3.53125 | BA10: =IF(AZ10="",$AH10,IF(AZ10>=4,"Good",IF(AZ10>=2.5,"Fair",IF(AZ10>=1,"Poor",IF(AZ10>=0,"Very Poor",""))))) -> Fair | BE10: =IF(D10='Sheet1 (2)'!$C$61,'Sheet1 (2)'!$D$61*(counts^2)+'Sheet1 (2)'!$G$61*counts+'Sheet1 (2)'!$J$61,IF(D10='Sheet1 (2)'!$C$62,'Sheet1 (2)'!$D$62*counts+'Sheet1 (2)'!$G$62,IF(D10='Sheet1 (2)'!$C$63,'Sheet1 (2)'!$D$63*counts+'Sheet1 (2)'!$G$63,IF(D10='Sheet1 (2)'!$C$64,'Sheet1 (2)'!$D$64*counts+'Sheet1 (2)'!$G$64)))) -> 2.0984129
A11: N-5 | B11: NB | C11: 151 | D11: A | E11: 8 | F11: 1 | G11: A | H11: 0.5 | I11: A | J11: x | K11: x | L11: =VLOOKUP(CONCATENATE(J11,K11),'Sheet1 (2)'!$J$6:$K$26,2,FALSE) -> 0 | M11: x | N11: x | O11: =VLOOKUP(CONCATENATE(M11,N11),'Sheet1 (2)'!$L$6:$M$26,2,FALSE) -> 0 | P11: x | Q11: x | R11: =VLOOKUP(CONCATENATE(P11,Q11),'Sheet1 (2)'!$N$6:$O$26,2,FALSE) -> 0 | S11: b | T11: b | U11: =VLOOKUP(CONCATENATE(S11,T11),'Sheet1 (2)'!$P$6:$Q$26,2,FALSE) -> 12.5 | V11: x | W11: x | X11: =VLOOKUP(CONCATENATE(V11,W11),'Sheet1 (2)'!$R$6:$S$26,2,FALSE) -> 0 | Y11: c | Z11: d | AA11: =VLOOKUP(CONCATENATE(Y11,Z11),'Sheet1 (2)'!$T$6:$U$26,2,FALSE) -> 56.25 | AB11: x | AC11: x | AD11: =VLOOKUP(CONCATENATE(AB11,AC11),'Sheet1 (2)'!$X$6:$Y$26,2,FALSE) -> 0 | AE11: b | AF11: e | AG11: =VLOOKUP(CONCATENATE(AE11,AF11),'Sheet1 (2)'!$Z$6:$AA$26,2,FALSE) -> 66 | AK11: N-5 | AL11: NB | AM11: =C11 -> 151 | AQ11: 3.5414035 | AS11: =LOOKUP(rufmkm,'Sheet1 (2)'!$V$62:$V$71,'Sheet1 (2)'!$W$62:$W$71) -> 40 | AU11: =IF(IF(D11='Sheet1 (2)'!$C$69,'Sheet1 (2)'!$D$69*('Sheet1 (2)'!$D$72-rut_index)/'Sheet1 (2)'!$D$72,IF(shee2!D11='Sheet1 (2)'!$C$70,'Sheet1 (2)'!$D$70*('Sheet1 (2)'!$D$72-rut_index)/'Sheet1 (2)'!$D$72,IF(shee2!D11='Sheet1 (2)'!$C$71,'Sheet1 (2)'!$D$71*('Sheet1 (2)'!$D$72-rut_index)/'Sheet1 (2)'!$D$72)))<0,0,IF(D11='Sheet1 (2)'!$C$69,'Sheet1 (2)'!$D$69*('Sheet1 (2)'!$D$72-rut_index)/'Sheet1 (2)'!$D$72,IF(shee2!D11='Sheet1 (2)'!$C$70,'Sheet1 (2)'!$D$70*('Sheet1 (2)'!$D$72-rut_index)/'Sheet1 (2)'!$D$72,IF(shee2!D11='Sheet1 (2)'!$C$71,'Sheet1 (2)'!$D$71*('Sheet1 (2)'!$D$72-rut_index)/'Sheet1 (2)'!$D$72)))) -> 5 | AV11: =IF(IF(D11='Sheet1 (2)'!$C$69,'Sheet1 (2)'!$D$69*('Sheet1 (2)'!$D$72-crack_s_index)/'Sheet1 (2)'!$D$72,IF(shee2!D11='Sheet1 (2)'!$C$70,'Sheet1 (2)'!$D$70*('Sheet1 (2)'!$D$72-crack_s_index)/'Sheet1 (2)'!$D$72,IF(shee2!D11='Sheet1 (2)'!$C$71,'Sheet1 (2)'!$D$71*('Sheet1 (2)'!$D$72-crack_s_index)/'Sheet1 (2)'!$D$72)))<0,0,IF(D11='Sheet1 (2)'!$C$69,'Sheet1 (2)'!$D$69*('Sheet1 (2)'!$D$72-crack_s_index)/'Sheet1 (2)'!$D$72,IF(shee2!D11='Sheet1 (2)'!$C$70,'Sheet1 (2)'!$D$70*('Sheet1 (2)'!$D$72-crack_s_index)/'Sheet1 (2)'!$D$72,IF(shee2!D11='Sheet1 (2)'!$C$71,'Sheet1 (2)'!$D$71*('Sheet1 (2)'!$D$72-crack_s_index)/'Sheet1 (2)'!$D$72)))) -> 5 | AW11: =IF(IF(D11='Sheet1 (2)'!$C$69,'Sheet1 (2)'!$D$69*('Sheet1 (2)'!$D$72-crack_t_index)/'Sheet1 (2)'!$D$72,IF(shee2!D11='Sheet1 (2)'!$C$70,'Sheet1 (2)'!$D$70*('Sheet1 (2)'!$D$72-crack_t_index)/'Sheet1 (2)'!$D$72,IF(shee2!D11='Sheet1 (2)'!$C$71,'Sheet1 (2)'!$D$71*('Sheet1 (2)'!$D$72-crack_t_index)/'Sheet1 (2)'!$D$72)))<0,0,IF(D11='Sheet1 (2)'!$C$69,'Sheet1 (2)'!$D$69*('Sheet1 (2)'!$D$72-crack_t_index)/'Sheet1 (2)'!$D$72,IF(shee2!D11='Sheet1 (2)'!$C$70,'Sheet1 (2)'!$D$70*('Sheet1 (2)'!$D$72-crack_t_index)/'Sheet1 (2)'!$D$72,IF(shee2!D11='Sheet1 (2)'!$C$71,'Sheet1 (2)'!$D$71*('Sheet1 (2)'!$D$72-crack_t_index)/'Sheet1 (2)'!$D$72)))) -> 5 | AX11: =IF(IF(D11='Sheet1 (2)'!$C$69,'Sheet1 (2)'!$D$69*('Sheet1 (2)'!$D$72-rave_index)/'Sheet1 (2)'!$D$72,IF(shee2!D11='Sheet1 (2)'!$C$70,'Sheet1 (2)'!$D$70*('Sheet1 (2)'!$D$72-rave_index)/'Sheet1 (2)'!$D$72,IF(shee2!D11='Sheet1 (2)'!$C$71,'Sheet1 (2)'!$D$71*('Sheet1 (2)'!$D$72-rave_index)/'Sheet1 (2)'!$D$72)))<0,0,IF(D11='Sheet1 (2)'!$C$69,'Sheet1 (2)'!$D$69*('Sheet1 (2)'!$D$72-rave_index)/'Sheet1 (2)'!$D$72,IF(shee2!D11='Sheet1 (2)'!$C$70,'Sheet1 (2)'!$D$70*('Sheet1 (2)'!$D$72-rave_index)/'Sheet1 (2)'!$D$72,IF(shee2!D11='Sheet1 (2)'!$C$71,'Sheet1 (2)'!$D$71*('Sheet1 (2)'!$D$72-rave_index)/'Sheet1 (2)'!$D$72)))) -> 0.3125 | AY11: =IF(IF(D11='Sheet1 (2)'!$C$69,'Sheet1 (2)'!$D$69*('Sheet1 (2)'!$D$72-rough_index)/'Sheet1 (2)'!$D$72,IF(shee2!D11='Sheet1 (2)'!$C$70,'Sheet1 (2)'!$D$70*('Sheet1 (2)'!$D$72-rough_index)/'Sheet1 (2)'!$D$72,IF(shee2!D11='Sheet1 (2)'!$C$71,'Sheet1 (2)'!$D$71*('Sheet1 (2)'!$D$72-rough_index)/'Sheet1 (2)'!$D$72)))<0,0,IF(D11='Sheet1 (2)'!$C$69,'Sheet1 (2)'!$D$69*('Sheet1 (2)'!$D$72-rough_index)/'Sheet1 (2)'!$D$72,IF(shee2!D11='Sheet1 (2)'!$C$70,'Sheet1 (2)'!$D$70*('Sheet1 (2)'!$D$72-rough_index)/'Sheet1 (2)'!$D$72,IF(shee2!D11='Sheet1 (2)'!$C$71,'Sheet1 (2)'!$D$71*('Sheet1 (2)'!$D$72-rough_index)/'Sheet1 (2)'!$D$72)))) -> 1.6666667 | AZ11: =+(AU11*'Sheet1 (2)'!$C$77)+(AV11*'Sheet1 (2)'!$C$78)+(AW11*'Sheet1 (2)'!$C$79)+(AX11*'Sheet1 (2)'!$C$80)+(AY11*'Sheet1 (2)'!$C$81) -> 3.53125 | BA11: =IF(AZ11="",$AH11,IF(AZ11>=4,"Good",IF(AZ11>=2.5,"Fair",IF(AZ11>=1,"Poor",IF(AZ11>=0,"Very Poor",""))))) -> Fair | BE11: =IF(D11='Sheet1 (2)'!$C$61,'Sheet1 (2)'!$D$61*(counts^2)+'Sheet1 (2)'!$G$61*counts+'Sheet1 (2)'!$J$61,IF(D11='Sheet1 (2)'!$C$62,'Sheet1 (2)'!$D$62*counts+'Sheet1 (2)'!$G$62,IF(D11='Sheet1 (2)'!$C$63,'Sheet1 (2)'!$D$63*counts+'Sheet1 (2)'!$G$63,IF(D11='Sheet1 (2)'!$C$64,'Sheet1 (2)'!$D$64*counts+'Sheet1 (2)'!$G$64)))) -> 2.0984129
A12: N-5 | B12: NB | C12: 152 | D12: A | E12: 8 | F12: 1 | G12: A | H12: 0.5 | I12: A | J12: x | K12: x | L12: =VLOOKUP(CONCATENATE(J12,K12),'Sheet1 (2)'!$J$6:$K$26,2,FALSE) -> 0 | M12: x | N12: x | O12: =VLOOKUP(CONCATENATE(M12,N12),'Sheet1 (2)'!$L$6:$M$26,2,FALSE) -> 0 | P12: x | Q12: x | R12: =VLOOKUP(CONCATENATE(P12,Q12),'Sheet1 (2)'!$N$6:$O$26,2,FALSE) -> 0 | S12: x | T12: x | U12: =VLOOKUP(CONCATENATE(S12,T12),'Sheet1 (2)'!$P$6:$Q$26,2,FALSE) -> 0 | V12: a | W12: e | X12: =VLOOKUP(CONCATENATE(V12,W12),'Sheet1 (2)'!$R$6:$S$26,2,FALSE) -> 25 | Y12: d | Z12: e | AA12: =VLOOKUP(CONCATENATE(Y12,Z12),'Sheet1 (2)'!$T$6:$U$26,2,FALSE) -> 100 | AB12: x | AC12: x | AD12: =VLOOKUP(CONCATENATE(AB12,AC12),'Sheet1 (2)'!$X$6:$Y$26,2,FALSE) -> 0 | AE12: b | AF12: e | AG12: =VLOOKUP(CONCATENATE(AE12,AF12),'Sheet1 (2)'!$Z$6:$AA$26,2,FALSE) -> 66 | AK12: N-5 | AL12: NB | AM12: =C12 -> 152 | AO12: Bridge | AQ12: 6.0108821 | AS12: =LOOKUP(rufmkm,'Sheet1 (2)'!$V$62:$V$71,'Sheet1 (2)'!$W$62:$W$71) -> 70 | AU12: =IF(IF(D12='Sheet1 (2)'!$C$69,'Sheet1 (2)'!$D$69*('Sheet1 (2)'!$D$72-rut_index)/'Sheet1 (2)'!$D$72,IF(shee2!D12='Sheet1 (2)'!$C$70,'Sheet1 (2)'!$D$70*('Sheet1 (2)'!$D$72-rut_index)/'Sheet1 (2)'!$D$72,IF(shee2!D12='Sheet1 (2)'!$C$71,'Sheet1 (2)'!$D$71*('Sheet1 (2)'!$D$72-rut_index)/'Sheet1 (2)'!$D$72)))<0,0,IF(D12='Sheet1 (2)'!$C$69,'Sheet1 (2)'!$D$69*('Sheet1 (2)'!$D$72-rut_index)/'Sheet1 (2)'!$D$72,IF(shee2!D12='Sheet1 (2)'!$C$70,'Sheet1 (2)'!$D$70*('Sheet1 (2)'!$D$72-rut_index)/'Sheet1 (2)'!$D$72,IF(shee2!D12='Sheet1 (2)'!$C$71,'Sheet1 (2)'!$D$71*('Sheet1 (2)'!$D$72-rut_index)/'Sheet1 (2)'!$D$72)))) -> 5 | AV12: =IF(IF(D12='Sheet1 (2)'!$C$69,'Sheet1 (2)'!$D$69*('Sheet1 (2)'!$D$72-crack_s_index)/'Sheet1 (2)'!$D$72,IF(shee2!D12='Sheet1 (2)'!$C$70,'Sheet1 (2)'!$D$70*('Sheet1 (2)'!$D$72-crack_s_index)/'Sheet1 (2)'!$D$72,IF(shee2!D12='Sheet1 (2)'!$C$71,'Sheet1 (2)'!$D$71*('Sheet1 (2)'!$D$72-crack_s_index)/'Sheet1 (2)'!$D$72)))<0,0,IF(D12='Sheet1 (2)'!$C$69,'Sheet1 (2)'!$D$69*('Sheet1 (2)'!$D$72-crack_s_index)/'Sheet1 (2)'!$D$72,IF(shee2!D12='Sheet1 (2)'!$C$70,'Sheet1 (2)'!$D$70*('Sheet1 (2)'!$D$72-crack_s_index)/'Sheet1 (2)'!$D$72,IF(shee2!D12='Sheet1 (2)'!$C$71,'Sheet1 (2)'!$D$71*('Sheet1 (2)'!$D$72-crack_s_index)/'Sheet1 (2)'!$D$72)))) -> 5 | AW12: =IF(IF(D12='Sheet1 (2)'!$C$69,'Sheet1 (2)'!$D$69*('Sheet1 (2)'!$D$72-crack_t_index)/'Sheet1 (2)'!$D$72,IF(shee2!D12='Sheet1 (2)'!$C$70,'Sheet1 (2)'!$D$70*('Sheet1 (2)'!$D$72-crack_t_index)/'Sheet1 (2)'!$D$72,IF(shee2!D12='Sheet1 (2)'!$C$71,'Sheet1 (2)'!$D$71*('Sheet1 (2)'!$D$72-crack_t_index)/'Sheet1 (2)'!$D$72)))<0,0,IF(D12='Sheet1 (2)'!$C$69,'Sheet1 (2)'!$D$69*('Sheet1 (2)'!$D$72-crack_t_index)/'Sheet1 (2)'!$D$72,IF(shee2!D12='Sheet1 (2)'!$C$70,'Sheet1 (2)'!$D$70*('Sheet1 (2)'!$D$72-crack_t_index)/'Sheet1 (2)'!$D$72,IF(shee2!D12='Sheet1 (2)'!$C$71,'Sheet1 (2)'!$D$71*('Sheet1 (2)'!$D$72-crack_t_index)/'Sheet1 (2)'!$D$72)))) -> 5 | AX12: =IF(IF(D12='Sheet1 (2)'!$C$69,'Sheet1 (2)'!$D$69*('Sheet1 (2)'!$D$72-rave_index)/'Sheet1 (2)'!$D$72,IF(shee2!D12='Sheet1 (2)'!$C$70,'Sheet1 (2)'!$D$70*('Sheet1 (2)'!$D$72-rave_index)/'Sheet1 (2)'!$D$72,IF(shee2!D12='Sheet1 (2)'!$C$71,'Sheet1 (2)'!$D$71*('Sheet1 (2)'!$D$72-rave_index)/'Sheet1 (2)'!$D$72)))<0,0,IF(D12='Sheet1 (2)'!$C$69,'Sheet1 (2)'!$D$69*('Sheet1 (2)'!$D$72-rave_index)/'Sheet1 (2)'!$D$72,IF(shee2!D12='Sheet1 (2)'!$C$70,'Sheet1 (2)'!$D$70*('Sheet1 (2)'!$D$72-rave_index)/'Sheet1 (2)'!$D$72,IF(shee2!D12='Sheet1 (2)'!$C$71,'Sheet1 (2)'!$D$71*('Sheet1 (2)'!$D$72-rave_index)/'Sheet1 (2)'!$D$72)))) -> 0 | AY12: =IF(IF(D12='Sheet1 (2)'!$C$69,'Sheet1 (2)'!$D$69*('Sheet1 (2)'!$D$72-rough_index)/'Sheet1 (2)'!$D$72,IF(shee2!D12='Sheet1 (2)'!$C$70,'Sheet1 (2)'!$D$70*('Sheet1 (2)'!$D$72-rough_index)/'Sheet1 (2)'!$D$72,IF(shee2!D12='Sheet1 (2)'!$C$71,'Sheet1 (2)'!$D$71*('Sheet1 (2)'!$D$72-rough_index)/'Sheet1 (2)'!$D$72)))<0,0,IF(D12='Sheet1 (2)'!$C$69,'Sheet1 (2)'!$D$69*('Sheet1 (2)'!$D$72-rough_index)/'Sheet1 (2)'!$D$72,IF(shee2!D12='Sheet1 (2)'!$C$70,'Sheet1 (2)'!$D$70*('Sheet1 (2)'!$D$72-rough_index)/'Sheet1 (2)'!$D$72,IF(shee2!D12='Sheet1 (2)'!$C$71,'Sheet1 (2)'!$D$71*('Sheet1 (2)'!$D$72-rough_index)/'Sheet1 (2)'!$D$72)))) -> 0 | AZ12: =+(AU12*'Sheet1 (2)'!$C$77)+(AV12*'Sheet1 (2)'!$C$78)+(AW12*'Sheet1 (2)'!$C$79)+(AX12*'Sheet1 (2)'!$C$80)+(AY12*'Sheet1 (2)'!$C$81) -> 3 | BA12: =IF(AZ12="",$AH12,IF(AZ12>=4,"Good",IF(AZ12>=2.5,"Fair",IF(AZ12>=1,"Poor",IF(AZ12>=0,"Very Poor",""))))) -> Fair | BE12: =IF(D12='Sheet1 (2)'!$C$61,'Sheet1 (2)'!$D$61*(counts^2)+'Sheet1 (2)'!$G$61*counts+'Sheet1 (2)'!$J$61,IF(D12='Sheet1 (2)'!$C$62,'Sheet1 (2)'!$D$62*counts+'Sheet1 (2)'!$G$62,IF(D12='Sheet1 (2)'!$C$63,'Sheet1 (2)'!$D$63*counts+'Sheet1 (2)'!$G$63,IF(D12='Sheet1 (2)'!$C$64,'Sheet1 (2)'!$D$64*counts+'Sheet1 (2)'!$G$64)))) -> 2.0984129
A13: N-5 | B13: NB | C13: 153 | D13: A | E13: 8 | F13: 1 | G13: A | H13: 0.5 | I13: A | J13: x | K13: x | L13: =VLOOKUP(CONCATENATE(J13,K13),'Sheet1 (2)'!$J$6:$K$26,2,FALSE) -> 0 | M13: d | N13: a | O13: =VLOOKUP(CONCATENATE(M13,N13),'Sheet1 (2)'!$L$6:$M$26,2,FALSE) -> 10 | P13: x | Q13: x | R13: =VLOOKUP(CONCATENATE(P13,Q13),'Sheet1 (2)'!$N$6:$O$26,2,FALSE) -> 0 | S13: x | T13: x | U13: =VLOOKUP(CONCATENATE(S13,T13),'Sheet1 (2)'!$P$6:$Q$26,2,FALSE) -> 0 | V13: x | W13: x | X13: =VLOOKUP(CONCATENATE(V13,W13),'Sheet1 (2)'!$R$6:$S$26,2,FALSE) -> 0 | Y13: x | Z13: x | AA13: =VLOOKUP(CONCATENATE(Y13,Z13),'Sheet1 (2)'!$T$6:$U$26,2,FALSE) -> 0 | AB13: x | AC13: x | AD13: =VLOOKUP(CONCATENATE(AB13,AC13),'Sheet1 (2)'!$X$6:$Y$26,2,FALSE) -> 0 | AE13: b | AF13: e | AG13: =VLOOKUP(CONCATENATE(AE13,AF13),'Sheet1 (2)'!$Z$6:$AA$26,2,FALSE) -> 66 | AK13: N-5 | AL13: NB | AM13: =C13 -> 153 | AO13: BRKR | AQ13: 8.0365515 | AS13: =LOOKUP(rufmkm,'Sheet1 (2)'!$V$62:$V$71,'Sheet1 (2)'!$W$62:$W$71) -> 90 | AU13: =IF(IF(D13='Sheet1 (2)'!$C$69,'Sheet1 (2)'!$D$69*('Sheet1 (2)'!$D$72-rut_index)/'Sheet1 (2)'!$D$72,IF(shee2!D13='Sheet1 (2)'!$C$70,'Sheet1 (2)'!$D$70*('Sheet1 (2)'!$D$72-rut_index)/'Sheet1 (2)'!$D$72,IF(shee2!D13='Sheet1 (2)'!$C$71,'Sheet1 (2)'!$D$71*('Sheet1 (2)'!$D$72-rut_index)/'Sheet1 (2)'!$D$72)))<0,0,IF(D13='Sheet1 (2)'!$C$69,'Sheet1 (2)'!$D$69*('Sheet1 (2)'!$D$72-rut_index)/'Sheet1 (2)'!$D$72,IF(shee2!D13='Sheet1 (2)'!$C$70,'Sheet1 (2)'!$D$70*('Sheet1 (2)'!$D$72-rut_index)/'Sheet1 (2)'!$D$72,IF(shee2!D13='Sheet1 (2)'!$C$71,'Sheet1 (2)'!$D$71*('Sheet1 (2)'!$D$72-rut_index)/'Sheet1 (2)'!$D$72)))) -> 5 | AV13: =IF(IF(D13='Sheet1 (2)'!$C$69,'Sheet1 (2)'!$D$69*('Sheet1 (2)'!$D$72-crack_s_index)/'Sheet1 (2)'!$D$72,IF(shee2!D13='Sheet1 (2)'!$C$70,'Sheet1 (2)'!$D$70*('Sheet1 (2)'!$D$72-crack_s_index)/'Sheet1 (2)'!$D$72,IF(shee2!D13='Sheet1 (2)'!$C$71,'Sheet1 (2)'!$D$71*('Sheet1 (2)'!$D$72-crack_s_index)/'Sheet1 (2)'!$D$72)))<0,0,IF(D13='Sheet1 (2)'!$C$69,'Sheet1 (2)'!$D$69*('Sheet1 (2)'!$D$72-crack_s_index)/'Sheet1 (2)'!$D$72,IF(shee2!D13='Sheet1 (2)'!$C$70,'Sheet1 (2)'!$D$70*('Sheet1 (2)'!$D$72-crack_s_index)/'Sheet1 (2)'!$D$72,IF(shee2!D13='Sheet1 (2)'!$C$71,'Sheet1 (2)'!$D$71*('Sheet1 (2)'!$D$72-crack_s_index)/'Sheet1 (2)'!$D$72)))) -> 4.1666667 | AW13: =IF(IF(D13='Sheet1 (2)'!$C$69,'Sheet1 (2)'!$D$69*('Sheet1 (2)'!$D$72-crack_t_index)/'Sheet1 (2)'!$D$72,IF(shee2!D13='Sheet1 (2)'!$C$70,'Sheet1 (2)'!$D$70*('Sheet1 (2)'!$D$72-crack_t_index)/'Sheet1 (2)'!$D$72,IF(shee2!D13='Sheet1 (2)'!$C$71,'Sheet1 (2)'!$D$71*('Sheet1 (2)'!$D$72-crack_t_index)/'Sheet1 (2)'!$D$72)))<0,0,IF(D13='Sheet1 (2)'!$C$69,'Sheet1 (2)'!$D$69*('Sheet1 (2)'!$D$72-crack_t_index)/'Sheet1 (2)'!$D$72,IF(shee2!D13='Sheet1 (2)'!$C$70,'Sheet1 (2)'!$D$70*('Sheet1 (2)'!$D$72-crack_t_index)/'Sheet1 (2)'!$D$72,IF(shee2!D13='Sheet1 (2)'!$C$71,'Sheet1 (2)'!$D$71*('Sheet1 (2)'!$D$72-crack_t_index)/'Sheet1 (2)'!$D$72)))) -> 5 | AX13: =IF(IF(D13='Sheet1 (2)'!$C$69,'Sheet1 (2)'!$D$69*('Sheet1 (2)'!$D$72-rave_index)/'Sheet1 (2)'!$D$72,IF(shee2!D13='Sheet1 (2)'!$C$70,'Sheet1 (2)'!$D$70*('Sheet1 (2)'!$D$72-rave_index)/'Sheet1 (2)'!$D$72,IF(shee2!D13='Sheet1 (2)'!$C$71,'Sheet1 (2)'!$D$71*('Sheet1 (2)'!$D$72-rave_index)/'Sheet1 (2)'!$D$72)))<0,0,IF(D13='Sheet1 (2)'!$C$69,'Sheet1 (2)'!$D$69*('Sheet1 (2)'!$D$72-rave_index)/'Sheet1 (2)'!$D$72,IF(shee2!D13='Sheet1 (2)'!$C$70,'Sheet1 (2)'!$D$70*('Sheet1 (2)'!$D$72-rave_index)/'Sheet1 (2)'!$D$72,IF(shee2!D13='Sheet1 (2)'!$C$71,'Sheet1 (2)'!$D$71*('Sheet1 (2)'!$D$72-rave_index)/'Sheet1 (2)'!$D$72)))) -> 5 | AY13: =IF(IF(D13='Sheet1 (2)'!$C$69,'Sheet1 (2)'!$D$69*('Sheet1 (2)'!$D$72-rough_index)/'Sheet1 (2)'!$D$72,IF(shee2!D13='Sheet1 (2)'!$C$70,'Sheet1 (2)'!$D$70*('Sheet1 (2)'!$D$72-rough_index)/'Sheet1 (2)'!$D$72,IF(shee2!D13='Sheet1 (2)'!$C$71,'Sheet1 (2)'!$D$71*('Sheet1 (2)'!$D$72-rough_index)/'Sheet1 (2)'!$D$72)))<0,0,IF(D13='Sheet1 (2)'!$C$69,'Sheet1 (2)'!$D$69*('Sheet1 (2)'!$D$72-rough_index)/'Sheet1 (2)'!$D$72,IF(shee2!D13='Sheet1 (2)'!$C$70,'Sheet1 (2)'!$D$70*('Sheet1 (2)'!$D$72-rough_index)/'Sheet1 (2)'!$D$72,IF(shee2!D13='Sheet1 (2)'!$C$71,'Sheet1 (2)'!$D$71*('Sheet1 (2)'!$D$72-rough_index)/'Sheet1 (2)'!$D$72)))) -> 0 | AZ13: =+(AU13*'Sheet1 (2)'!$C$77)+(AV13*'Sheet1 (2)'!$C$78)+(AW13*'Sheet1 (2)'!$C$79)+(AX13*'Sheet1 (2)'!$C$80)+(AY13*'Sheet1 (2)'!$C$81) -> 3.2 | BA13: =IF(AZ13="",$AH13,IF(AZ13>=4,"Good",IF(AZ13>=2.5,"Fair",IF(AZ13>=1,"Poor",IF(AZ13>=0,"Very Poor",""))))) -> Fair | BE13: =IF(D13='Sheet1 (2)'!$C$61,'Sheet1 (2)'!$D$61*(counts^2)+'Sheet1 (2)'!$G$61*counts+'Sheet1 (2)'!$J$61,IF(D13='Sheet1 (2)'!$C$62,'Sheet1 (2)'!$D$62*counts+'Sheet1 (2)'!$G$62,IF(D13='Sheet1 (2)'!$C$63,'Sheet1 (2)'!$D$63*counts+'Sheet1 (2)'!$G$63,IF(D13='Sheet1 (2)'!$C$64,'Sheet1 (2)'!$D$64*counts+'Sheet1 (2)'!$G$64)))) -> 2.0984129
A14: N-5 | B14: NB | C14: 154 | D14: A | E14: 8 | F14: 1 | G14: A | H14: 0.5 | I14: A | J14: x | K14: x | L14: =VLOOKUP(CONCATENATE(J14,K14),'Sheet1 (2)'!$J$6:$K$26,2,FALSE) -> 0 | M14: d | N14: a | O14: =VLOOKUP(CONCATENATE(M14,N14),'Sheet1 (2)'!$L$6:$M$26,2,FALSE) -> 10 | P14: d | Q14: a | R14: =VLOOKUP(CONCATENATE(P14,Q14),'Sheet1 (2)'!$N$6:$O$26,2,FALSE) -> 10 | S14: x | T14: x | U14: =VLOOKUP(CONCATENATE(S14,T14),'Sheet1 (2)'!$P$6:$Q$26,2,FALSE) -> 0 | V14: a | W14: e | X14: =VLOOKUP(CONCATENATE(V14,W14),'Sheet1 (2)'!$R$6:$S$26,2,FALSE) -> 25 | Y14: d | Z14: b | AA14: =VLOOKUP(CONCATENATE(Y14,Z14),'Sheet1 (2)'!$T$6:$U$26,2,FALSE) -> 25 | AB14: x | AC14: x | AD14: =VLOOKUP(CONCATENATE(AB14,AC14),'Sheet1 (2)'!$X$6:$Y$26,2,FALSE) -> 0 | AE14: b | AF14: e | AG14: =VLOOKUP(CONCATENATE(AE14,AF14),'Sheet1 (2)'!$Z$6:$AA$26,2,FALSE) -> 66 | AK14: N-5 | AL14: NB | AM14: =C14 -> 154 | AQ14: 6.0619637 | AS14: =LOOKUP(rufmkm,'Sheet1 (2)'!$V$62:$V$71,'Sheet1 (2)'!$W$62:$W$71) -> 70 | AU14: =IF(IF(D14='Sheet1 (2)'!$C$69,'Sheet1 (2)'!$D$69*('Sheet1 (2)'!$D$72-rut_index)/'Sheet1 (2)'!$D$72,IF(shee2!D14='Sheet1 (2)'!$C$70,'Sheet1 (2)'!$D$70*('Sheet1 (2)'!$D$72-rut_index)/'Sheet1 (2)'!$D$72,IF(shee2!D14='Sheet1 (2)'!$C$71,'Sheet1 (2)'!$D$71*('Sheet1 (2)'!$D$72-rut_index)/'Sheet1 (2)'!$D$72)))<0,0,IF(D14='Sheet1 (2)'!$C$69,'Sheet1 (2)'!$D$69*('Sheet1 (2)'!$D$72-rut_index)/'Sheet1 (2)'!$D$72,IF(shee2!D14='Sheet1 (2)'!$C$70,'Sheet1 (2)'!$D$70*('Sheet1 (2)'!$D$72-rut_index)/'Sheet1 (2)'!$D$72,IF(shee2!D14='Sheet1 (2)'!$C$71,'Sheet1 (2)'!$D$71*('Sheet1 (2)'!$D$72-rut_index)/'Sheet1 (2)'!$D$72)))) -> 5 | AV14: =IF(IF(D14='Sheet1 (2)'!$C$69,'Sheet1 (2)'!$D$69*('Sheet1 (2)'!$D$72-crack_s_index)/'Sheet1 (2)'!$D$72,IF(shee2!D14='Sheet1 (2)'!$C$70,'Sheet1 (2)'!$D$70*('Sheet1 (2)'!$D$72-crack_s_index)/'Sheet1 (2)'!$D$72,IF(shee2!D14='Sheet1 (2)'!$C$71,'Sheet1 (2)'!$D$71*('Sheet1 (2)'!$D$72-crack_s_index)/'Sheet1 (2)'!$D$72)))<0,0,IF(D14='Sheet1 (2)'!$C$69,'Sheet1 (2)'!$D$69*('Sheet1 (2)'!$D$72-crack_s_index)/'Sheet1 (2)'!$D$72,IF(shee2!D14='Sheet1 (2)'!$C$70,'Sheet1 (2)'!$D$70*('Sheet1 (2)'!$D$72-crack_s_index)/'Sheet1 (2)'!$D$72,IF(shee2!D14='Sheet1 (2)'!$C$71,'Sheet1 (2)'!$D$71*('Sheet1 (2)'!$D$72-crack_s_index)/'Sheet1 (2)'!$D$72)))) -> 4.1666667 | AW14: =IF(IF(D14='Sheet1 (2)'!$C$69,'Sheet1 (2)'!$D$69*('Sheet1 (2)'!$D$72-crack_t_index)/'Sheet1 (2)'!$D$72,IF(shee2!D14='Sheet1 (2)'!$C$70,'Sheet1 (2)'!$D$70*('Sheet1 (2)'!$D$72-crack_t_index)/'Sheet1 (2)'!$D$72,IF(shee2!D14='Sheet1 (2)'!$C$71,'Sheet1 (2)'!$D$71*('Sheet1 (2)'!$D$72-crack_t_index)/'Sheet1 (2)'!$D$72)))<0,0,IF(D14='Sheet1 (2)'!$C$69,'Sheet1 (2)'!$D$69*('Sheet1 (2)'!$D$72-crack_t_index)/'Sheet1 (2)'!$D$72,IF(shee2!D14='Sheet1 (2)'!$C$70,'Sheet1 (2)'!$D$70*('Sheet1 (2)'!$D$72-crack_t_index)/'Sheet1 (2)'!$D$72,IF(shee2!D14='Sheet1 (2)'!$C$71,'Sheet1 (2)'!$D$71*('Sheet1 (2)'!$D$72-crack_t_index)/'Sheet1 (2)'!$D$72)))) -> 4.1666667 | AX14: =IF(IF(D14='Sheet1 (2)'!$C$69,'Sheet1 (2)'!$D$69*('Sheet1 (2)'!$D$72-rave_index)/'Sheet1 (2)'!$D$72,IF(shee2!D14='Sheet1 (2)'!$C$70,'Sheet1 (2)'!$D$70*('Sheet1 (2)'!$D$72-rave_index)/'Sheet1 (2)'!$D$72,IF(shee2!D14='Sheet1 (2)'!$C$71,'Sheet1 (2)'!$D$71*('Sheet1 (2)'!$D$72-rave_index)/'Sheet1 (2)'!$D$72)))<0,0,IF(D14='Sheet1 (2)'!$C$69,'Sheet1 (2)'!$D$69*('Sheet1 (2)'!$D$72-rave_index)/'Sheet1 (2)'!$D$72,IF(shee2!D14='Sheet1 (2)'!$C$70,'Sheet1 (2)'!$D$70*('Sheet1 (2)'!$D$72-rave_index)/'Sheet1 (2)'!$D$72,IF(shee2!D14='Sheet1 (2)'!$C$71,'Sheet1 (2)'!$D$71*('Sheet1 (2)'!$D$72-rave_index)/'Sheet1 (2)'!$D$72)))) -> 2.9166667 | AY14: =IF(IF(D14='Sheet1 (2)'!$C$69,'Sheet1 (2)'!$D$69*('Sheet1 (2)'!$D$72-rough_index)/'Sheet1 (2)'!$D$72,IF(shee2!D14='Sheet1 (2)'!$C$70,'Sheet1 (2)'!$D$70*('Sheet1 (2)'!$D$72-rough_index)/'Sheet1 (2)'!$D$72,IF(shee2!D14='Sheet1 (2)'!$C$71,'Sheet1 (2)'!$D$71*('Sheet1 (2)'!$D$72-rough_index)/'Sheet1 (2)'!$D$72)))<0,0,IF(D14='Sheet1 (2)'!$C$69,'Sheet1 (2)'!$D$69*('Sheet1 (2)'!$D$72-rough_index)/'Sheet1 (2)'!$D$72,IF(shee2!D14='Sheet1 (2)'!$C$70,'Sheet1 (2)'!$D$70*('Sheet1 (2)'!$D$72-rough_index)/'Sheet1 (2)'!$D$72,IF(shee2!D14='Sheet1 (2)'!$C$71,'Sheet1 (2)'!$D$71*('Sheet1 (2)'!$D$72-rough_index)/'Sheet1 (2)'!$D$72)))) -> 0 | AZ14: =+(AU14*'Sheet1 (2)'!$C$77)+(AV14*'Sheet1 (2)'!$C$78)+(AW14*'Sheet1 (2)'!$C$79)+(AX14*'Sheet1 (2)'!$C$80)+(AY14*'Sheet1 (2)'!$C$81) -> 2.9583333 | BA14: =IF(AZ14="",$AH14,IF(AZ14>=4,"Good",IF(AZ14>=2.5,"Fair",IF(AZ14>=1,"Poor",IF(AZ14>=0,"Very Poor",""))))) -> Fair | BE14: =IF(D14='Sheet1 (2)'!$C$61,'Sheet1 (2)'!$D$61*(counts^2)+'Sheet1 (2)'!$G$61*counts+'Sheet1 (2)'!$J$61,IF(D14='Sheet1 (2)'!$C$62,'Sheet1 (2)'!$D$62*counts+'Sheet1 (2)'!$G$62,IF(D14='Sheet1 (2)'!$C$63,'Sheet1 (2)'!$D$63*counts+'Sheet1 (2)'!$G$63,IF(D14='Sheet1 (2)'!$C$64,'Sheet1 (2)'!$D$64*counts+'Sheet1 (2)'!$G$64)))) -> 2.0984129
A15: N-5 | B15: NB | C15: 155 | D15: A | E15: 8 | F15: 1 | G15: A | H15: 0.5 | I15: A | J15: x | K15: x | L15: =VLOOKUP(CONCATENATE(J15,K15),'Sheet1 (2)'!$J$6:$K$26,2,FALSE) -> 0 | M15: x | N15: x | O15: =VLOOKUP(CONCATENATE(M15,N15),'Sheet1 (2)'!$L$6:$M$26,2,FALSE) -> 0 | P15: d | Q15: a | R15: =VLOOKUP(CONCATENATE(P15,Q15),'Sheet1 (2)'!$N$6:$O$26,2,FALSE) -> 10 | S15: d | T15: a | U15: =VLOOKUP(CONCATENATE(S15,T15),'Sheet1 (2)'!$P$6:$Q$26,2,FALSE) -> 10 | V15: a | W15: e | X15: =VLOOKUP(CONCATENATE(V15,W15),'Sheet1 (2)'!$R$6:$S$26,2,FALSE) -> 25 | Y15: d | Z15: b | AA15: =VLOOKUP(CONCATENATE(Y15,Z15),'Sheet1 (2)'!$T$6:$U$26,2,FALSE) -> 25 | AB15: x | AC15: x | AD15: =VLOOKUP(CONCATENATE(AB15,AC15),'Sheet1 (2)'!$X$6:$Y$26,2,FALSE) -> 0 | AE15: b | AF15: e | AG15: =VLOOKUP(CONCATENATE(AE15,AF15),'Sheet1 (2)'!$Z$6:$AA$26,2,FALSE) -> 66 | AK15: N-5 | AL15: NB | AM15: =C15 -> 155 | AQ15: 5.8711112 | AS15: =LOOKUP(rufmkm,'Sheet1 (2)'!$V$62:$V$71,'Sheet1 (2)'!$W$62:$W$71) -> 60 | AU15: =IF(IF(D15='Sheet1 (2)'!$C$69,'Sheet1 (2)'!$D$69*('Sheet1 (2)'!$D$72-rut_index)/'Sheet1 (2)'!$D$72,IF(shee2!D15='Sheet1 (2)'!$C$70,'Sheet1 (2)'!$D$70*('Sheet1 (2)'!$D$72-rut_index)/'Sheet1 (2)'!$D$72,IF(shee2!D15='Sheet1 (2)'!$C$71,'Sheet1 (2)'!$D$71*('Sheet1 (2)'!$D$72-rut_index)/'Sheet1 (2)'!$D$72)))<0,0,IF(D15='Sheet1 (2)'!$C$69,'Sheet1 (2)'!$D$69*('Sheet1 (2)'!$D$72-rut_index)/'Sheet1 (2)'!$D$72,IF(shee2!D15='Sheet1 (2)'!$C$70,'Sheet1 (2)'!$D$70*('Sheet1 (2)'!$D$72-rut_index)/'Sheet1 (2)'!$D$72,IF(shee2!D15='Sheet1 (2)'!$C$71,'Sheet1 (2)'!$D$71*('Sheet1 (2)'!$D$72-rut_index)/'Sheet1 (2)'!$D$72)))) -> 5 | AV15: =IF(IF(D15='Sheet1 (2)'!$C$69,'Sheet1 (2)'!$D$69*('Sheet1 (2)'!$D$72-crack_s_index)/'Sheet1 (2)'!$D$72,IF(shee2!D15='Sheet1 (2)'!$C$70,'Sheet1 (2)'!$D$70*('Sheet1 (2)'!$D$72-crack_s_index)/'Sheet1 (2)'!$D$72,IF(shee2!D15='Sheet1 (2)'!$C$71,'Sheet1 (2)'!$D$71*('Sheet1 (2)'!$D$72-crack_s_index)/'Sheet1 (2)'!$D$72)))<0,0,IF(D15='Sheet1 (2)'!$C$69,'Sheet1 (2)'!$D$69*('Sheet1 (2)'!$D$72-crack_s_index)/'Sheet1 (2)'!$D$72,IF(shee2!D15='Sheet1 (2)'!$C$70,'Sheet1 (2)'!$D$70*('Sheet1 (2)'!$D$72-crack_s_index)/'Sheet1 (2)'!$D$72,IF(shee2!D15='Sheet1 (2)'!$C$71,'Sheet1 (2)'!$D$71*('Sheet1 (2)'!$D$72-crack_s_index)/'Sheet1 (2)'!$D$72)))) -> 5 | AW15: =IF(IF(D15='Sheet1 (2)'!$C$69,'Sheet1 (2)'!$D$69*('Sheet1 (2)'!$D$72-crack_t_index)/'Sheet1 (2)'!$D$72,IF(shee2!D15='Sheet1 (2)'!$C$70,'Sheet1 (2)'!$D$70*('Sheet1 (2)'!$D$72-crack_t_index)/'Sheet1 (2)'!$D$72,IF(shee2!D15='Sheet1 (2)'!$C$71,'Sheet1 (2)'!$D$71*('Sheet1 (2)'!$D$72-crack_t_index)/'Sheet1 (2)'!$D$72)))<0,0,IF(D15='Sheet1 (2)'!$C$69,'Sheet1 (2)'!$D$69*('Sheet1 (2)'!$D$72-crack_t_index)/'Sheet1 (2)'!$D$72,IF(shee2!D15='Sheet1 (2)'!$C$70,'Sheet1 (2)'!$D$70*('Sheet1 (2)'!$D$72-crack_t_index)/'Sheet1 (2)'!$D$72,IF(shee2!D15='Sheet1 (2)'!$C$71,'Sheet1 (2)'!$D$71*('Sheet1 (2)'!$D$72-crack_t_index)/'Sheet1 (2)'!$D$72)))) -> 4.1666667 | AX15: =IF(IF(D15='Sheet1 (2)'!$C$69,'Sheet1 (2)'!$D$69*('Sheet1 (2)'!$D$72-rave_index)/'Sheet1 (2)'!$D$72,IF(shee2!D15='Sheet1 (2)'!$C$70,'Sheet1 (2)'!$D$70*('Sheet1 (2)'!$D$72-rave_index)/'Sheet1 (2)'!$D$72,IF(shee2!D15='Sheet1 (2)'!$C$71,'Sheet1 (2)'!$D$71*('Sheet1 (2)'!$D$72-rave_index)/'Sheet1 (2)'!$D$72)))<0,0,IF(D15='Sheet1 (2)'!$C$69,'Sheet1 (2)'!$D$69*('Sheet1 (2)'!$D$72-rave_index)/'Sheet1 (2)'!$D$72,IF(shee2!D15='Sheet1 (2)'!$C$70,'Sheet1 (2)'!$D$70*('Sheet1 (2)'!$D$72-rave_index)/'Sheet1 (2)'!$D$72,IF(shee2!D15='Sheet1 (2)'!$C$71,'Sheet1 (2)'!$D$71*('Sheet1 (2)'!$D$72-rave_index)/'Sheet1 (2)'!$D$72)))) -> 2.9166667 | AY15: =IF(IF(D15='Sheet1 (2)'!$C$69,'Sheet1 (2)'!$D$69*('Sheet1 (2)'!$D$72-rough_index)/'Sheet1 (2)'!$D$72,IF(shee2!D15='Sheet1 (2)'!$C$70,'Sheet1 (2)'!$D$70*('Sheet1 (2)'!$D$72-rough_index)/'Sheet1 (2)'!$D$72,IF(shee2!D15='Sheet1 (2)'!$C$71,'Sheet1 (2)'!$D$71*('Sheet1 (2)'!$D$72-rough_index)/'Sheet1 (2)'!$D$72)))<0,0,IF(D15='Sheet1 (2)'!$C$69,'Sheet1 (2)'!$D$69*('Sheet1 (2)'!$D$72-rough_index)/'Sheet1 (2)'!$D$72,IF(shee2!D15='Sheet1 (2)'!$C$70,'Sheet1 (2)'!$D$70*('Sheet1 (2)'!$D$72-rough_index)/'Sheet1 (2)'!$D$72,IF(shee2!D15='Sheet1 (2)'!$C$71,'Sheet1 (2)'!$D$71*('Sheet1 (2)'!$D$72-rough_index)/'Sheet1 (2)'!$D$72)))) -> 0 | AZ15: =+(AU15*'Sheet1 (2)'!$C$77)+(AV15*'Sheet1 (2)'!$C$78)+(AW15*'Sheet1 (2)'!$C$79)+(AX15*'Sheet1 (2)'!$C$80)+(AY15*'Sheet1 (2)'!$C$81) -> 3.2583333 | BA15: =IF(AZ15="",$AH15,IF(AZ15>=4,"Good",IF(AZ15>=2.5,"Fair",IF(AZ15>=1,"Poor",IF(AZ15>=0,"Very Poor",""))))) -> Fair | BE15: =IF(D15='Sheet1 (2)'!$C$61,'Sheet1 (2)'!$D$61*(counts^2)+'Sheet1 (2)'!$G$61*counts+'Sheet1 (2)'!$J$61,IF(D15='Sheet1 (2)'!$C$62,'Sheet1 (2)'!$D$62*counts+'Sheet1 (2)'!$G$62,IF(D15='Sheet1 (2)'!$C$63,'Sheet1 (2)'!$D$63*counts+'Sheet1 (2)'!$G$63,IF(D15='Sheet1 (2)'!$C$64,'Sheet1 (2)'!$D$64*counts+'Sheet1 (2)'!$G$64)))) -> 2.0984129
A16: N-5 | B16: NB | C16: 156 | D16: A | E16: 8 | F16: 1 | G16: A | H16: 0.5 | I16: A | J16: x | K16: x | L16: =VLOOKUP(CONCATENATE(J16,K16),'Sheet1 (2)'!$J$6:$K$26,2,FALSE) -> 0 | M16: x | N16: x | O16: =VLOOKUP(CONCATENATE(M16,N16),'Sheet1 (2)'!$L$6:$M$26,2,FALSE) -> 0 | P16: x | Q16: x | R16: =VLOOKUP(CONCATENATE(P16,Q16),'Sheet1 (2)'!$N$6:$O$26,2,FALSE) -> 0 | S16: x | T16: x | U16: =VLOOKUP(CONCATENATE(S16,T16),'Sheet1 (2)'!$P$6:$Q$26,2,FALSE) -> 0 | V16: x | W16: x | X16: =VLOOKUP(CONCATENATE(V16,W16),'Sheet1 (2)'!$R$6:$S$26,2,FALSE) -> 0 | Y16: x | Z16: x | AA16: =VLOOKUP(CONCATENATE(Y16,Z16),'Sheet1 (2)'!$T$6:$U$26,2,FALSE) -> 0 | AB16: x | AC16: x | AD16: =VLOOKUP(CONCATENATE(AB16,AC16),'Sheet1 (2)'!$X$6:$Y$26,2,FALSE) -> 0 | AE16: b | AF16: e | AG16: =VLOOKUP(CONCATENATE(AE16,AF16),'Sheet1 (2)'!$Z$6:$AA$26,2,FALSE) -> 66 | AK16: N-5 | AL16: NB | AM16: =C16 -> 156 | AQ16: 3.9475752 | AS16: =LOOKUP(rufmkm,'Sheet1 (2)'!$V$62:$V$71,'Sheet1 (2)'!$W$62:$W$71) -> 40 | AU16: =IF(IF(D16='Sheet1 (2)'!$C$69,'Sheet1 (2)'!$D$69*('Sheet1 (2)'!$D$72-rut_index)/'Sheet1 (2)'!$D$72,IF(shee2!D16='Sheet1 (2)'!$C$70,'Sheet1 (2)'!$D$70*('Sheet1 (2)'!$D$72-rut_index)/'Sheet1 (2)'!$D$72,IF(shee2!D16='Sheet1 (2)'!$C$71,'Sheet1 (2)'!$D$71*('Sheet1 (2)'!$D$72-rut_index)/'Sheet1 (2)'!$D$72)))<0,0,IF(D16='Sheet1 (2)'!$C$69,'Sheet1 (2)'!$D$69*('Sheet1 (2)'!$D$72-rut_index)/'Sheet1 (2)'!$D$72,IF(shee2!D16='Sheet1 (2)'!$C$70,'Sheet1 (2)'!$D$70*('Sheet1 (2)'!$D$72-rut_index)/'Sheet1 (2)'!$D$72,IF(shee2!D16='Sheet1 (2)'!$C$71,'Sheet1 (2)'!$D$71*('Sheet1 (2)'!$D$72-rut_index)/'Sheet1 (2)'!$D$72)))) -> 5 | AV16: =IF(IF(D16='Sheet1 (2)'!$C$69,'Sheet1 (2)'!$D$69*('Sheet1 (2)'!$D$72-crack_s_index)/'Sheet1 (2)'!$D$72,IF(shee2!D16='Sheet1 (2)'!$C$70,'Sheet1 (2)'!$D$70*('Sheet1 (2)'!$D$72-crack_s_index)/'Sheet1 (2)'!$D$72,IF(shee2!D16='Sheet1 (2)'!$C$71,'Sheet1 (2)'!$D$71*('Sheet1 (2)'!$D$72-crack_s_index)/'Sheet1 (2)'!$D$72)))<0,0,IF(D16='Sheet1 (2)'!$C$69,'Sheet1 (2)'!$D$69*('Sheet1 (2)'!$D$72-crack_s_index)/'Sheet1 (2)'!$D$72,IF(shee2!D16='Sheet1 (2)'!$C$70,'Sheet1 (2)'!$D$70*('Sheet1 (2)'!$D$72-crack_s_index)/'Sheet1 (2)'!$D$72,IF(shee2!D16='Sheet1 (2)'!$C$71,'Sheet1 (2)'!$D$71*('Sheet1 (2)'!$D$72-crack_s_index)/'Sheet1 (2)'!$D$72)))) -> 5 | AW16: =IF(IF(D16='Sheet1 (2)'!$C$69,'Sheet1 (2)'!$D$69*('Sheet1 (2)'!$D$72-crack_t_index)/'Sheet1 (2)'!$D$72,IF(shee2!D16='Sheet1 (2)'!$C$70,'Sheet1 (2)'!$D$70*('Sheet1 (2)'!$D$72-crack_t_index)/'Sheet1 (2)'!$D$72,IF(shee2!D16='Sheet1 (2)'!$C$71,'Sheet1 (2)'!$D$71*('Sheet1 (2)'!$D$72-crack_t_index)/'Sheet1 (2)'!$D$72)))<0,0,IF(D16='Sheet1 (2)'!$C$69,'Sheet1 (2)'!$D$69*('Sheet1 (2)'!$D$72-crack_t_index)/'Sheet1 (2)'!$D$72,IF(shee2!D16='Sheet1 (2)'!$C$70,'Sheet1 (2)'!$D$70*('Sheet1 (2)'!$D$72-crack_t_index)/'Sheet1 (2)'!$D$72,IF(shee2!D16='Sheet1 (2)'!$C$71,'Sheet1 (2)'!$D$71*('Sheet1 (2)'!$D$72-crack_t_index)/'Sheet1 (2)'!$D$72)))) -> 5 | AX16: =IF(IF(D16='Sheet1 (2)'!$C$69,'Sheet1 (2)'!$D$69*('Sheet1 (2)'!$D$72-rave_index)/'Sheet1 (2)'!$D$72,IF(shee2!D16='Sheet1 (2)'!$C$70,'Sheet1 (2)'!$D$70*('Sheet1 (2)'!$D$72-rave_index)/'Sheet1 (2)'!$D$72,IF(shee2!D16='Sheet1 (2)'!$C$71,'Sheet1 (2)'!$D$71*('Sheet1 (2)'!$D$72-rave_index)/'Sheet1 (2)'!$D$72)))<0,0,IF(D16='Sheet1 (2)'!$C$69,'Sheet1 (2)'!$D$69*('Sheet1 (2)'!$D$72-rave_index)/'Sheet1 (2)'!$D$72,IF(shee2!D16='Sheet1 (2)'!$C$70,'Sheet1 (2)'!$D$70*('Sheet1 (2)'!$D$72-rave_index)/'Sheet1 (2)'!$D$72,IF(shee2!D16='Sheet1 (2)'!$C$71,'Sheet1 (2)'!$D$71*('Sheet1 (2)'!$D$72-rave_index)/'Sheet1 (2)'!$D$72)))) -> 5 | AY16: =IF(IF(D16='Sheet1 (2)'!$C$69,'Sheet1 (2)'!$D$69*('Sheet1 (2)'!$D$72-rough_index)/'Sheet1 (2)'!$D$72,IF(shee2!D16='Sheet1 (2)'!$C$70,'Sheet1 (2)'!$D$70*('Sheet1 (2)'!$D$72-rough_index)/'Sheet1 (2)'!$D$72,IF(shee2!D16='Sheet1 (2)'!$C$71,'Sheet1 (2)'!$D$71*('Sheet1 (2)'!$D$72-rough_index)/'Sheet1 (2)'!$D$72)))<0,0,IF(D16='Sheet1 (2)'!$C$69,'Sheet1 (2)'!$D$69*('Sheet1 (2)'!$D$72-rough_index)/'Sheet1 (2)'!$D$72,IF(shee2!D16='Sheet1 (2)'!$C$70,'Sheet1 (2)'!$D$70*('Sheet1 (2)'!$D$72-rough_index)/'Sheet1 (2)'!$D$72,IF(shee2!D16='Sheet1 (2)'!$C$71,'Sheet1 (2)'!$D$71*('Sheet1 (2)'!$D$72-rough_index)/'Sheet1 (2)'!$D$72)))) -> 1.6666667 | AZ16: =+(AU16*'Sheet1 (2)'!$C$77)+(AV16*'Sheet1 (2)'!$C$78)+(AW16*'Sheet1 (2)'!$C$79)+(AX16*'Sheet1 (2)'!$C$80)+(AY16*'Sheet1 (2)'!$C$81) -> 4 | BA16: =IF(AZ16="",$AH16,IF(AZ16>=4,"Good",IF(AZ16>=2.5,"Fair",IF(AZ16>=1,"Poor",IF(AZ16>=0,"Very Poor",""))))) -> Good | BE16: =IF(D16='Sheet1 (2)'!$C$61,'Sheet1 (2)'!$D$61*(counts^2)+'Sheet1 (2)'!$G$61*counts+'Sheet1 (2)'!$J$61,IF(D16='Sheet1 (2)'!$C$62,'Sheet1 (2)'!$D$62*counts+'Sheet1 (2)'!$G$62,IF(D16='Sheet1 (2)'!$C$63,'Sheet1 (2)'!$D$63*counts+'Sheet1 (2)'!$G$63,IF(D16='Sheet1 (2)'!$C$64,'Sheet1 (2)'!$D$64*counts+'Sheet1 (2)'!$G$64)))) -> 2.0984129
A17: N-5 | B17: NB | C17: 157 | D17: A | E17: 8 | F17: 1 | G17: A | H17: 0.5 | I17: A | J17: x | K17: x | L17: =VLOOKUP(CONCATENATE(J17,K17),'Sheet1 (2)'!$J$6:$K$26,2,FALSE) -> 0 | M17: x | N17: x | O17: =VLOOKUP(CONCATENATE(M17,N17),'Sheet1 (2)'!$L$6:$M$26,2,FALSE) -> 0 | P17: x | Q17: x | R17: =VLOOKUP(CONCATENATE(P17,Q17),'Sheet1 (2)'!$N$6:$O$26,2,FALSE) -> 0 | S17: x | T17: x | U17: =VLOOKUP(CONCATENATE(S17,T17),'Sheet1 (2)'!$P$6:$Q$26,2,FALSE) -> 0 | V17: x | W17: x | X17: =VLOOKUP(CONCATENATE(V17,W17),'Sheet1 (2)'!$R$6:$S$26,2,FALSE) -> 0 | Y17: x | Z17: x | AA17: =VLOOKUP(CONCATENATE(Y17,Z17),'Sheet1 (2)'!$T$6:$U$26,2,FALSE) -> 0 | AB17: x | AC17: x | AD17: =VLOOKUP(CONCATENATE(AB17,AC17),'Sheet1 (2)'!$X$6:$Y$26,2,FALSE) -> 0 | AE17: b | AF17: e | AG17: =VLOOKUP(CONCATENATE(AE17,AF17),'Sheet1 (2)'!$Z$6:$AA$26,2,FALSE) -> 66 | AK17: N-5 | AL17: NB | AM17: =C17 -> 157 | AO17: Bridge | AQ17: 2.5876868 | AS17: =LOOKUP(rufmkm,'Sheet1 (2)'!$V$62:$V$71,'Sheet1 (2)'!$W$62:$W$71) -> 30 | AU17: =IF(IF(D17='Sheet1 (2)'!$C$69,'Sheet1 (2)'!$D$69*('Sheet1 (2)'!$D$72-rut_index)/'Sheet1 (2)'!$D$72,IF(shee2!D17='Sheet1 (2)'!$C$70,'Sheet1 (2)'!$D$70*('Sheet1 (2)'!$D$72-rut_index)/'Sheet1 (2)'!$D$72,IF(shee2!D17='Sheet1 (2)'!$C$71,'Sheet1 (2)'!$D$71*('Sheet1 (2)'!$D$72-rut_index)/'Sheet1 (2)'!$D$72)))<0,0,IF(D17='Sheet1 (2)'!$C$69,'Sheet1 (2)'!$D$69*('Sheet1 (2)'!$D$72-rut_index)/'Sheet1 (2)'!$D$72,IF(shee2!D17='Sheet1 (2)'!$C$70,'Sheet1 (2)'!$D$70*('Sheet1 (2)'!$D$72-rut_index)/'Sheet1 (2)'!$D$72,IF(shee2!D17='Sheet1 (2)'!$C$71,'Sheet1 (2)'!$D$71*('Sheet1 (2)'!$D$72-rut_index)/'Sheet1 (2)'!$D$72)))) -> 5 | AV17: =IF(IF(D17='Sheet1 (2)'!$C$69,'Sheet1 (2)'!$D$69*('Sheet1 (2)'!$D$72-crack_s_index)/'Sheet1 (2)'!$D$72,IF(shee2!D17='Sheet1 (2)'!$C$70,'Sheet1 (2)'!$D$70*('Sheet1 (2)'!$D$72-crack_s_index)/'Sheet1 (2)'!$D$72,IF(shee2!D17='Sheet1 (2)'!$C$71,'Sheet1 (2)'!$D$71*('Sheet1 (2)'!$D$72-crack_s_index)/'Sheet1 (2)'!$D$72)))<0,0,IF(D17='Sheet1 (2)'!$C$69,'Sheet1 (2)'!$D$69*('Sheet1 (2)'!$D$72-crack_s_index)/'Sheet1 (2)'!$D$72,IF(shee2!D17='Sheet1 (2)'!$C$70,'Sheet1 (2)'!$D$70*('Sheet1 (2)'!$D$72-crack_s_index)/'Sheet1 (2)'!$D$72,IF(shee2!D17='Sheet1 (2)'!$C$71,'Sheet1 (2)'!$D$71*('Sheet1 (2)'!$D$72-crack_s_index)/'Sheet1 (2)'!$D$72)))) -> 5 | AW17: =IF(IF(D17='Sheet1 (2)'!$C$69,'Sheet1 (2)'!$D$69*('Sheet1 (2)'!$D$72-crack_t_index)/'Sheet1 (2)'!$D$72,IF(shee2!D17='Sheet1 (2)'!$C$70,'Sheet1 (2)'!$D$70*('Sheet1 (2)'!$D$72-crack_t_index)/'Sheet1 (2)'!$D$72,IF(shee2!D17='Sheet1 (2)'!$C$71,'Sheet1 (2)'!$D$71*('Sheet1 (2)'!$D$72-crack_t_index)/'Sheet1 (2)'!$D$72)))<0,0,IF(D17='Sheet1 (2)'!$C$69,'Sheet1 (2)'!$D$69*('Sheet1 (2)'!$D$72-crack_t_index)/'Sheet1 (2)'!$D$72,IF(shee2!D17='Sheet1 (2)'!$C$70,'Sheet1 (2)'!$D$70*('Sheet1 (2)'!$D$72-crack_t_index)/'Sheet1 (2)'!$D$72,IF(shee2!D17='Sheet1 (2)'!$C$71,'Sheet1 (2)'!$D$71*('Sheet1 (2)'!$D$72-crack_t_index)/'Sheet1 (2)'!$D$72)))) -> 5 | AX17: =IF(IF(D17='Sheet1 (2)'!$C$69,'Sheet1 (2)'!$D$69*('Sheet1 (2)'!$D$72-rave_index)/'Sheet1 (2)'!$D$72,IF(shee2!D17='Sheet1 (2)'!$C$70,'Sheet1 (2)'!$D$70*('Sheet1 (2)'!$D$72-rave_index)/'Sheet1 (2)'!$D$72,IF(shee2!D17='Sheet1 (2)'!$C$71,'Sheet1 (2)'!$D$71*('Sheet1 (2)'!$D$72-rave_index)/'Sheet1 (2)'!$D$72)))<0,0,IF(D17='Sheet1 (2)'!$C$69,'Sheet1 (2)'!$D$69*('Sheet1 (2)'!$D$72-rave_index)/'Sheet1 (2)'!$D$72,IF(shee2!D17='Sheet1 (2)'!$C$70,'Sheet1 (2)'!$D$70*('Sheet1 (2)'!$D$72-rave_index)/'Sheet1 (2)'!$D$72,IF(shee2!D17='Sheet1 (2)'!$C$71,'Sheet1 (2)'!$D$71*('Sheet1 (2)'!$D$72-rave_index)/'Sheet1 (2)'!$D$72)))) -> 5 | AY17: =IF(IF(D17='Sheet1 (2)'!$C$69,'Sheet1 (2)'!$D$69*('Sheet1 (2)'!$D$72-rough_index)/'Sheet1 (2)'!$D$72,IF(shee2!D17='Sheet1 (2)'!$C$70,'Sheet1 (2)'!$D$70*('Sheet1 (2)'!$D$72-rough_index)/'Sheet1 (2)'!$D$72,IF(shee2!D17='Sheet1 (2)'!$C$71,'Sheet1 (2)'!$D$71*('Sheet1 (2)'!$D$72-rough_index)/'Sheet1 (2)'!$D$72)))<0,0,IF(D17='Sheet1 (2)'!$C$69,'Sheet1 (2)'!$D$69*('Sheet1 (2)'!$D$72-rough_index)/'Sheet1 (2)'!$D$72,IF(shee2!D17='Sheet1 (2)'!$C$70,'Sheet1 (2)'!$D$70*('Sheet1 (2)'!$D$72-rough_index)/'Sheet1 (2)'!$D$72,IF(shee2!D17='Sheet1 (2)'!$C$71,'Sheet1 (2)'!$D$71*('Sheet1 (2)'!$D$72-rough_index)/'Sheet1 (2)'!$D$72)))) -> 2.5 | AZ17: =+(AU17*'Sheet1 (2)'!$C$77)+(AV17*'Sheet1 (2)'!$C$78)+(AW17*'Sheet1 (2)'!$C$79)+(AX17*'Sheet1 (2)'!$C$80)+(AY17*'Sheet1 (2)'!$C$81) -> 4.25 | BA17: =IF(AZ17="",$AH17,IF(AZ17>=4,"Good",IF(AZ17>=2.5,"Fair",IF(AZ17>=1,"Poor",IF(AZ17>=0,"Very Poor",""))))) -> Good | BE17: =IF(D17='Sheet1 (2)'!$C$61,'Sheet1 (2)'!$D$61*(counts^2)+'Sheet1 (2)'!$G$61*counts+'Sheet1 (2)'!$J$61,IF(D17='Sheet1 (2)'!$C$62,'Sheet1 (2)'!$D$62*counts+'Sheet1 (2)'!$G$62,IF(D17='Sheet1 (2)'!$C$63,'Sheet1 (2)'!$D$63*counts+'Sheet1 (2)'!$G$63,IF(D17='Sheet1 (2)'!$C$64,'Sheet1 (2)'!$D$64*counts+'Sheet1 (2)'!$G$64)))) -> 2.0984129
A18: N-5 | B18: NB | C18: 158 | D18: A | E18: 8 | F18: 1 | G18: A | H18: 0.5 | I18: A | J18: x | K18: x | L18: =VLOOKUP(CONCATENATE(J18,K18),'Sheet1 (2)'!$J$6:$K$26,2,FALSE) -> 0 | M18: x | N18: x | O18: =VLOOKUP(CONCATENATE(M18,N18),'Sheet1 (2)'!$L$6:$M$26,2,FALSE) -> 0 | P18: x | Q18: x | R18: =VLOOKUP(CONCATENATE(P18,Q18),'Sheet1 (2)'!$N$6:$O$26,2,FALSE) -> 0 | S18: x | T18: x | U18: =VLOOKUP(CONCATENATE(S18,T18),'Sheet1 (2)'!$P$6:$Q$26,2,FALSE) -> 0 | V18: x | W18: x | X18: =VLOOKUP(CONCATENATE(V18,W18),'Sheet1 (2)'!$R$6:$S$26,2,FALSE) -> 0 | Y18: d | Z18: c | AA18: =VLOOKUP(CONCATENATE(Y18,Z18),'Sheet1 (2)'!$T$6:$U$26,2,FALSE) -> 50 | AB18: x | AC18: x | AD18: =VLOOKUP(CONCATENATE(AB18,AC18),'Sheet1 (2)'!$X$6:$Y$26,2,FALSE) -> 0 | AE18: b | AF18: e | AG18: =VLOOKUP(CONCATENATE(AE18,AF18),'Sheet1 (2)'!$Z$6:$AA$26,2,FALSE) -> 66 | AK18: N-5 | AL18: NB | AM18: =C18 -> 158 | AQ18: 2.5068235 | AS18: =LOOKUP(rufmkm,'Sheet1 (2)'!$V$62:$V$71,'Sheet1 (2)'!$W$62:$W$71) -> 30 | AU18: =IF(IF(D18='Sheet1 (2)'!$C$69,'Sheet1 (2)'!$D$69*('Sheet1 (2)'!$D$72-rut_index)/'Sheet1 (2)'!$D$72,IF(shee2!D18='Sheet1 (2)'!$C$70,'Sheet1 (2)'!$D$70*('Sheet1 (2)'!$D$72-rut_index)/'Sheet1 (2)'!$D$72,IF(shee2!D18='Sheet1 (2)'!$C$71,'Sheet1 (2)'!$D$71*('Sheet1 (2)'!$D$72-rut_index)/'Sheet1 (2)'!$D$72)))<0,0,IF(D18='Sheet1 (2)'!$C$69,'Sheet1 (2)'!$D$69*('Sheet1 (2)'!$D$72-rut_index)/'Sheet1 (2)'!$D$72,IF(shee2!D18='Sheet1 (2)'!$C$70,'Sheet1 (2)'!$D$70*('Sheet1 (2)'!$D$72-rut_index)/'Sheet1 (2)'!$D$72,IF(shee2!D18='Sheet1 (2)'!$C$71,'Sheet1 (2)'!$D$71*('Sheet1 (2)'!$D$72-rut_index)/'Sheet1 (2)'!$D$72)))) -> 5 | AV18: =IF(IF(D18='Sheet1 (2)'!$C$69,'Sheet1 (2)'!$D$69*('Sheet1 (2)'!$D$72-crack_s_index)/'Sheet1 (2)'!$D$72,IF(shee2!D18='Sheet1 (2)'!$C$70,'Sheet1 (2)'!$D$70*('Sheet1 (2)'!$D$72-crack_s_index)/'Sheet1 (2)'!$D$72,IF(shee2!D18='Sheet1 (2)'!$C$71,'Sheet1 (2)'!$D$71*('Sheet1 (2)'!$D$72-crack_s_index)/'Sheet1 (2)'!$D$72)))<0,0,IF(D18='Sheet1 (2)'!$C$69,'Sheet1 (2)'!$D$69*('Sheet1 (2)'!$D$72-crack_s_index)/'Sheet1 (2)'!$D$72,IF(shee2!D18='Sheet1 (2)'!$C$70,'Sheet1 (2)'!$D$70*('Sheet1 (2)'!$D$72-crack_s_index)/'Sheet1 (2)'!$D$72,IF(shee2!D18='Sheet1 (2)'!$C$71,'Sheet1 (2)'!$D$71*('Sheet1 (2)'!$D$72-crack_s_index)/'Sheet1 (2)'!$D$72)))) -> 5 | AW18: =IF(IF(D18='Sheet1 (2)'!$C$69,'Sheet1 (2)'!$D$69*('Sheet1 (2)'!$D$72-crack_t_index)/'Sheet1 (2)'!$D$72,IF(shee2!D18='Sheet1 (2)'!$C$70,'Sheet1 (2)'!$D$70*('Sheet1 (2)'!$D$72-crack_t_index)/'Sheet1 (2)'!$D$72,IF(shee2!D18='Sheet1 (2)'!$C$71,'Sheet1 (2)'!$D$71*('Sheet1 (2)'!$D$72-crack_t_index)/'Sheet1 (2)'!$D$72)))<0,0,IF(D18='Sheet1 (2)'!$C$69,'Sheet1 (2)'!$D$69*('Sheet1 (2)'!$D$72-crack_t_index)/'Sheet1 (2)'!$D$72,IF(shee2!D18='Sheet1 (2)'!$C$70,'Sheet1 (2)'!$D$70*('Sheet1 (2)'!$D$72-crack_t_index)/'Sheet1 (2)'!$D$72,IF(shee2!D18='Sheet1 (2)'!$C$71,'Sheet1 (2)'!$D$71*('Sheet1 (2)'!$D$72-crack_t_index)/'Sheet1 (2)'!$D$72)))) -> 5 | AX18: =IF(IF(D18='Sheet1 (2)'!$C$69,'Sheet1 (2)'!$D$69*('Sheet1 (2)'!$D$72-rave_index)/'Sheet1 (2)'!$D$72,IF(shee2!D18='Sheet1 (2)'!$C$70,'Sheet1 (2)'!$D$70*('Sheet1 (2)'!$D$72-rave_index)/'Sheet1 (2)'!$D$72,IF(shee2!D18='Sheet1 (2)'!$C$71,'Sheet1 (2)'!$D$71*('Sheet1 (2)'!$D$72-rave_index)/'Sheet1 (2)'!$D$72)))<0,0,IF(D18='Sheet1 (2)'!$C$69,'Sheet1 (2)'!$D$69*('Sheet1 (2)'!$D$72-rave_index)/'Sheet1 (2)'!$D$72,IF(shee2!D18='Sheet1 (2)'!$C$70,'Sheet1 (2)'!$D$70*('Sheet1 (2)'!$D$72-rave_index)/'Sheet1 (2)'!$D$72,IF(shee2!D18='Sheet1 (2)'!$C$71,'Sheet1 (2)'!$D$71*('Sheet1 (2)'!$D$72-rave_index)/'Sheet1 (2)'!$D$72)))) -> 0.83333333 | AY18: =IF(IF(D18='Sheet1 (2)'!$C$69,'Sheet1 (2)'!$D$69*('Sheet1 (2)'!$D$72-rough_index)/'Sheet1 (2)'!$D$72,IF(shee2!D18='Sheet1 (2)'!$C$70,'Sheet1 (2)'!$D$70*('Sheet1 (2)'!$D$72-rough_index)/'Sheet1 (2)'!$D$72,IF(shee2!D18='Sheet1 (2)'!$C$71,'Sheet1 (2)'!$D$71*('Sheet1 (2)'!$D$72-rough_index)/'Sheet1 (2)'!$D$72)))<0,0,IF(D18='Sheet1 (2)'!$C$69,'Sheet1 (2)'!$D$69*('Sheet1 (2)'!$D$72-rough_index)/'Sheet1 (2)'!$D$72,IF(shee2!D18='Sheet1 (2)'!$C$70,'Sheet1 (2)'!$D$70*('Sheet1 (2)'!$D$72-rough_index)/'Sheet1 (2)'!$D$72,IF(shee2!D18='Sheet1 (2)'!$C$71,'Sheet1 (2)'!$D$71*('Sheet1 (2)'!$D$72-rough_index)/'Sheet1 (2)'!$D$72)))) -> 2.5 | AZ18: =+(AU18*'Sheet1 (2)'!$C$77)+(AV18*'Sheet1 (2)'!$C$78)+(AW18*'Sheet1 (2)'!$C$79)+(AX18*'Sheet1 (2)'!$C$80)+(AY18*'Sheet1 (2)'!$C$81) -> 3.8333333 | BA18: =IF(AZ18="",$AH18,IF(AZ18>=4,"Good",IF(AZ18>=2.5,"Fair",IF(AZ18>=1,"Poor",IF(AZ18>=0,"Very Poor",""))))) -> Fair | BE18: =IF(D18='Sheet1 (2)'!$C$61,'Sheet1 (2)'!$D$61*(counts^2)+'Sheet1 (2)'!$G$61*counts+'Sheet1 (2)'!$J$61,IF(D18='Sheet1 (2)'!$C$62,'Sheet1 (2)'!$D$62*counts+'Sheet1 (2)'!$G$62,IF(D18='Sheet1 (2)'!$C$63,'Sheet1 (2)'!$D$63*counts+'Sheet1 (2)'!$G$63,IF(D18='Sheet1 (2)'!$C$64,'Sheet1 (2)'!$D$64*counts+'Sheet1 (2)'!$G$64)))) -> 2.0984129
A19: N-5 | B19: NB | C19: 159 | D19: A | E19: 8 | F19: 1 | G19: A | H19: 0.5 | I19: A | J19: x | K19: x | L19: =VLOOKUP(CONCATENATE(J19,K19),'Sheet1 (2)'!$J$6:$K$26,2,FALSE) -> 0 | M19: d | N19: b | O19: =VLOOKUP(CONCATENATE(M19,N19),'Sheet1 (2)'!$L$6:$M$26,2,FALSE) -> 25 | P19: d | Q19: b | R19: =VLOOKUP(CONCATENATE(P19,Q19),'Sheet1 (2)'!$N$6:$O$26,2,FALSE) -> 25 | S19: b | T19: d | U19: =VLOOKUP(CONCATENATE(S19,T19),'Sheet1 (2)'!$P$6:$Q$26,2,FALSE) -> 37.5 | V19: x | W19: x | X19: =VLOOKUP(CONCATENATE(V19,W19),'Sheet1 (2)'!$R$6:$S$26,2,FALSE) -> 0 | Y19: d | Z19: c | AA19: =VLOOKUP(CONCATENATE(Y19,Z19),'Sheet1 (2)'!$T$6:$U$26,2,FALSE) -> 50 | AB19: x | AC19: x | AD19: =VLOOKUP(CONCATENATE(AB19,AC19),'Sheet1 (2)'!$X$6:$Y$26,2,FALSE) -> 0 | AE19: b | AF19: e | AG19: =VLOOKUP(CONCATENATE(AE19,AF19),'Sheet1 (2)'!$Z$6:$AA$26,2,FALSE) -> 66 | AK19: N-5 | AL19: NB | AM19: =C19 -> 159 | AQ19: 3.4456689 | AS19: =LOOKUP(rufmkm,'Sheet1 (2)'!$V$62:$V$71,'Sheet1 (2)'!$W$62:$W$71) -> 40 | AU19: =IF(IF(D19='Sheet1 (2)'!$C$69,'Sheet1 (2)'!$D$69*('Sheet1 (2)'!$D$72-rut_index)/'Sheet1 (2)'!$D$72,IF(shee2!D19='Sheet1 (2)'!$C$70,'Sheet1 (2)'!$D$70*('Sheet1 (2)'!$D$72-rut_index)/'Sheet1 (2)'!$D$72,IF(shee2!D19='Sheet1 (2)'!$C$71,'Sheet1 (2)'!$D$71*('Sheet1 (2)'!$D$72-rut_index)/'Sheet1 (2)'!$D$72)))<0,0,IF(D19='Sheet1 (2)'!$C$69,'Sheet1 (2)'!$D$69*('Sheet1 (2)'!$D$72-rut_index)/'Sheet1 (2)'!$D$72,IF(shee2!D19='Sheet1 (2)'!$C$70,'Sheet1 (2)'!$D$70*('Sheet1 (2)'!$D$72-rut_index)/'Sheet1 (2)'!$D$72,IF(shee2!D19='Sheet1 (2)'!$C$71,'Sheet1 (2)'!$D$71*('Sheet1 (2)'!$D$72-rut_index)/'Sheet1 (2)'!$D$72)))) -> 5 | AV19: =IF(IF(D19='Sheet1 (2)'!$C$69,'Sheet1 (2)'!$D$69*('Sheet1 (2)'!$D$72-crack_s_index)/'Sheet1 (2)'!$D$72,IF(shee2!D19='Sheet1 (2)'!$C$70,'Sheet1 (2)'!$D$70*('Sheet1 (2)'!$D$72-crack_s_index)/'Sheet1 (2)'!$D$72,IF(shee2!D19='Sheet1 (2)'!$C$71,'Sheet1 (2)'!$D$71*('Sheet1 (2)'!$D$72-crack_s_index)/'Sheet1 (2)'!$D$72)))<0,0,IF(D19='Sheet1 (2)'!$C$69,'Sheet1 (2)'!$D$69*('Sheet1 (2)'!$D$72-crack_s_index)/'Sheet1 (2)'!$D$72,IF(shee2!D19='Sheet1 (2)'!$C$70,'Sheet1 (2)'!$D$70*('Sheet1 (2)'!$D$72-crack_s_index)/'Sheet1 (2)'!$D$72,IF(shee2!D19='Sheet1 (2)'!$C$71,'Sheet1 (2)'!$D$71*('Sheet1 (2)'!$D$72-crack_s_index)/'Sheet1 (2)'!$D$72)))) -> 2.9166667 | AW19: =IF(IF(D19='Sheet1 (2)'!$C$69,'Sheet1 (2)'!$D$69*('Sheet1 (2)'!$D$72-crack_t_index)/'Sheet1 (2)'!$D$72,IF(shee2!D19='Sheet1 (2)'!$C$70,'Sheet1 (2)'!$D$70*('Sheet1 (2)'!$D$72-crack_t_index)/'Sheet1 (2)'!$D$72,IF(shee2!D19='Sheet1 (2)'!$C$71,'Sheet1 (2)'!$D$71*('Sheet1 (2)'!$D$72-crack_t_index)/'Sheet1 (2)'!$D$72)))<0,0,IF(D19='Sheet1 (2)'!$C$69,'Sheet1 (2)'!$D$69*('Sheet1 (2)'!$D$72-crack_t_index)/'Sheet1 (2)'!$D$72,IF(shee2!D19='Sheet1 (2)'!$C$70,'Sheet1 (2)'!$D$70*('Sheet1 (2)'!$D$72-crack_t_index)/'Sheet1 (2)'!$D$72,IF(shee2!D19='Sheet1 (2)'!$C$71,'Sheet1 (2)'!$D$71*('Sheet1 (2)'!$D$72-crack_t_index)/'Sheet1 (2)'!$D$72)))) -> 2.9166667 | AX19: =IF(IF(D19='Sheet1 (2)'!$C$69,'Sheet1 (2)'!$D$69*('Sheet1 (2)'!$D$72-rave_index)/'Sheet1 (2)'!$D$72,IF(shee2!D19='Sheet1 (2)'!$C$70,'Sheet1 (2)'!$D$70*('Sheet1 (2)'!$D$72-rave_index)/'Sheet1 (2)'!$D$72,IF(shee2!D19='Sheet1 (2)'!$C$71,'Sheet1 (2)'!$D$71*('Sheet1 (2)'!$D$72-rave_index)/'Sheet1 (2)'!$D$72)))<0,0,IF(D19='Sheet1 (2)'!$C$69,'Sheet1 (2)'!$D$69*('Sheet1 (2)'!$D$72-rave_index)/'Sheet1 (2)'!$D$72,IF(shee2!D19='Sheet1 (2)'!$C$70,'Sheet1 (2)'!$D$70*('Sheet1 (2)'!$D$72-rave_index)/'Sheet1 (2)'!$D$72,IF(shee2!D19='Sheet1 (2)'!$C$71,'Sheet1 (2)'!$D$71*('Sheet1 (2)'!$D$72-rave_index)/'Sheet1 (2)'!$D$72)))) -> 0.83333333 | AY19: =IF(IF(D19='Sheet1 (2)'!$C$69,'Sheet1 (2)'!$D$69*('Sheet1 (2)'!$D$72-rough_index)/'Sheet1 (2)'!$D$72,IF(shee2!D19='Sheet1 (2)'!$C$70,'Sheet1 (2)'!$D$70*('Sheet1 (2)'!$D$72-rough_index)/'Sheet1 (2)'!$D$72,IF(shee2!D19='Sheet1 (2)'!$C$71,'Sheet1 (2)'!$D$71*('Sheet1 (2)'!$D$72-rough_index)/'Sheet1 (2)'!$D$72)))<0,0,IF(D19='Sheet1 (2)'!$C$69,'Sheet1 (2)'!$D$69*('Sheet1 (2)'!$D$72-rough_index)/'Sheet1 (2)'!$D$72,IF(shee2!D19='Sheet1 (2)'!$C$70,'Sheet1 (2)'!$D$70*('Sheet1 (2)'!$D$72-rough_index)/'Sheet1 (2)'!$D$72,IF(shee2!D19='Sheet1 (2)'!$C$71,'Sheet1 (2)'!$D$71*('Sheet1 (2)'!$D$72-rough_index)/'Sheet1 (2)'!$D$72)))) -> 1.6666667 | AZ19: =+(AU19*'Sheet1 (2)'!$C$77)+(AV19*'Sheet1 (2)'!$C$78)+(AW19*'Sheet1 (2)'!$C$79)+(AX19*'Sheet1 (2)'!$C$80)+(AY19*'Sheet1 (2)'!$C$81) -> 2.75 | BA19: =IF(AZ19="",$AH19,IF(AZ19>=4,"Good",IF(AZ19>=2.5,"Fair",IF(AZ19>=1,"Poor",IF(AZ19>=0,"Very Poor",""))))) -> Fair | BE19: =IF(D19='Sheet1 (2)'!$C$61,'Sheet1 (2)'!$D$61*(counts^2)+'Sheet1 (2)'!$G$61*counts+'Sheet1 (2)'!$J$61,IF(D19='Sheet1 (2)'!$C$62,'Sheet1 (2)'!$D$62*counts+'Sheet1 (2)'!$G$62,IF(D19='Sheet1 (2)'!$C$63,'Sheet1 (2)'!$D$63*counts+'Sheet1 (2)'!$G$63,IF(D19='Sheet1 (2)'!$C$64,'Sheet1 (2)'!$D$64*counts+'Sheet1 (2)'!$G$64)))) -> 2.0984129
A20: N-5 | B20: NB | C20: 160 | D20: A | E20: 8 | F20: 1 | G20: A | H20: 0.5 | I20: A | J20: b | K20: c | L20: =VLOOKUP(CONCATENATE(J20,K20),'Sheet1 (2)'!$J$6:$K$26,2,FALSE) -> 25 | M20: x | N20: x | O20: =VLOOKUP(CONCATENATE(M20,N20),'Sheet1 (2)'!$L$6:$M$26,2,FALSE) -> 0 | P20: x | Q20: x | R20: =VLOOKUP(CONCATENATE(P20,Q20),'Sheet1 (2)'!$N$6:$O$26,2,FALSE) -> 0 | S20: x | T20: x | U20: =VLOOKUP(CONCATENATE(S20,T20),'Sheet1 (2)'!$P$6:$Q$26,2,FALSE) -> 0 | V20: x | W20: x | X20: =VLOOKUP(CONCATENATE(V20,W20),'Sheet1 (2)'!$R$6:$S$26,2,FALSE) -> 0 | Y20: c | Z20: b | AA20: =VLOOKUP(CONCATENATE(Y20,Z20),'Sheet1 (2)'!$T$6:$U$26,2,FALSE) -> 18.75 | AB20: x | AC20: x | AD20: =VLOOKUP(CONCATENATE(AB20,AC20),'Sheet1 (2)'!$X$6:$Y$26,2,FALSE) -> 0 | AE20: b | AF20: e | AG20: =VLOOKUP(CONCATENATE(AE20,AF20),'Sheet1 (2)'!$Z$6:$AA$26,2,FALSE) -> 66 | AK20: N-5 | AL20: NB | AM20: =C20 -> 160 | AQ20: 3.6856794 | AS20: =LOOKUP(rufmkm,'Sheet1 (2)'!$V$62:$V$71,'Sheet1 (2)'!$W$62:$W$71) -> 40 | AU20: =IF(IF(D20='Sheet1 (2)'!$C$69,'Sheet1 (2)'!$D$69*('Sheet1 (2)'!$D$72-rut_index)/'Sheet1 (2)'!$D$72,IF(shee2!D20='Sheet1 (2)'!$C$70,'Sheet1 (2)'!$D$70*('Sheet1 (2)'!$D$72-rut_index)/'Sheet1 (2)'!$D$72,IF(shee2!D20='Sheet1 (2)'!$C$71,'Sheet1 (2)'!$D$71*('Sheet1 (2)'!$D$72-rut_index)/'Sheet1 (2)'!$D$72)))<0,0,IF(D20='Sheet1 (2)'!$C$69,'Sheet1 (2)'!$D$69*('Sheet1 (2)'!$D$72-rut_index)/'Sheet1 (2)'!$D$72,IF(shee2!D20='Sheet1 (2)'!$C$70,'Sheet1 (2)'!$D$70*('Sheet1 (2)'!$D$72-rut_index)/'Sheet1 (2)'!$D$72,IF(shee2!D20='Sheet1 (2)'!$C$71,'Sheet1 (2)'!$D$71*('Sheet1 (2)'!$D$72-rut_index)/'Sheet1 (2)'!$D$72)))) -> 2.9166667 | AV20: =IF(IF(D20='Sheet1 (2)'!$C$69,'Sheet1 (2)'!$D$69*('Sheet1 (2)'!$D$72-crack_s_index)/'Sheet1 (2)'!$D$72,IF(shee2!D20='Sheet1 (2)'!$C$70,'Sheet1 (2)'!$D$70*('Sheet1 (2)'!$D$72-crack_s_index)/'Sheet1 (2)'!$D$72,IF(shee2!D20='Sheet1 (2)'!$C$71,'Sheet1 (2)'!$D$71*('Sheet1 (2)'!$D$72-crack_s_index)/'Sheet1 (2)'!$D$72)))<0,0,IF(D20='Sheet1 (2)'!$C$69,'Sheet1 (2)'!$D$69*('Sheet1 (2)'!$D$72-crack_s_index)/'Sheet1 (2)'!$D$72,IF(shee2!D20='Sheet1 (2)'!$C$70,'Sheet1 (2)'!$D$70*('Sheet1 (2)'!$D$72-crack_s_index)/'Sheet1 (2)'!$D$72,IF(shee2!D20='Sheet1 (2)'!$C$71,'Sheet1 (2)'!$D$71*('Sheet1 (2)'!$D$72-crack_s_index)/'Sheet1 (2)'!$D$72)))) -> 5 | AW20: =IF(IF(D20='Sheet1 (2)'!$C$69,'Sheet1 (2)'!$D$69*('Sheet1 (2)'!$D$72-crack_t_index)/'Sheet1 (2)'!$D$72,IF(shee2!D20='Sheet1 (2)'!$C$70,'Sheet1 (2)'!$D$70*('Sheet1 (2)'!$D$72-crack_t_index)/'Sheet1 (2)'!$D$72,IF(shee2!D20='Sheet1 (2)'!$C$71,'Sheet1 (2)'!$D$71*('Sheet1 (2)'!$D$72-crack_t_index)/'Sheet1 (2)'!$D$72)))<0,0,IF(D20='Sheet1 (2)'!$C$69,'Sheet1 (2)'!$D$69*('Sheet1 (2)'!$D$72-crack_t_index)/'Sheet1 (2)'!$D$72,IF(shee2!D20='Sheet1 (2)'!$C$70,'Sheet1 (2)'!$D$70*('Sheet1 (2)'!$D$72-crack_t_index)/'Sheet1 (2)'!$D$72,IF(shee2!D20='Sheet1 (2)'!$C$71,'Sheet1 (2)'!$D$71*('Sheet1 (2)'!$D$72-crack_t_index)/'Sheet1 (2)'!$D$72)))) -> 5 | AX20: =IF(IF(D20='Sheet1 (2)'!$C$69,'Sheet1 (2)'!$D$69*('Sheet1 (2)'!$D$72-rave_index)/'Sheet1 (2)'!$D$72,IF(shee2!D20='Sheet1 (2)'!$C$70,'Sheet1 (2)'!$D$70*('Sheet1 (2)'!$D$72-rave_index)/'Sheet1 (2)'!$D$72,IF(shee2!D20='Sheet1 (2)'!$C$71,'Sheet1 (2)'!$D$71*('Sheet1 (2)'!$D$72-rave_index)/'Sheet1 (2)'!$D$72)))<0,0,IF(D20='Sheet1 (2)'!$C$69,'Sheet1 (2)'!$D$69*('Sheet1 (2)'!$D$72-rave_index)/'Sheet1 (2)'!$D$72,IF(shee2!D20='Sheet1 (2)'!$C$70,'Sheet1 (2)'!$D$70*('Sheet1 (2)'!$D$72-rave_index)/'Sheet1 (2)'!$D$72,IF(shee2!D20='Sheet1 (2)'!$C$71,'Sheet1 (2)'!$D$71*('Sheet1 (2)'!$D$72-rave_index)/'Sheet1 (2)'!$D$72)))) -> 3.4375 | AY20: =IF(IF(D20='Sheet1 (2)'!$C$69,'Sheet1 (2)'!$D$69*('Sheet1 (2)'!$D$72-rough_index)/'Sheet1 (2)'!$D$72,IF(shee2!D20='Sheet1 (2)'!$C$70,'Sheet1 (2)'!$D$70*('Sheet1 (2)'!$D$72-rough_index)/'Sheet1 (2)'!$D$72,IF(shee2!D20='Sheet1 (2)'!$C$71,'Sheet1 (2)'!$D$71*('Sheet1 (2)'!$D$72-rough_index)/'Sheet1 (2)'!$D$72)))<0,0,IF(D20='Sheet1 (2)'!$C$69,'Sheet1 (2)'!$D$69*('Sheet1 (2)'!$D$72-rough_index)/'Sheet1 (2)'!$D$72,IF(shee2!D20='Sheet1 (2)'!$C$70,'Sheet1 (2)'!$D$70*('Sheet1 (2)'!$D$72-rough_index)/'Sheet1 (2)'!$D$72,IF(shee2!D20='Sheet1 (2)'!$C$71,'Sheet1 (2)'!$D$71*('Sheet1 (2)'!$D$72-rough_index)/'Sheet1 (2)'!$D$72)))) -> 1.6666667 | AZ20: =+(AU20*'Sheet1 (2)'!$C$77)+(AV20*'Sheet1 (2)'!$C$78)+(AW20*'Sheet1 (2)'!$C$79)+(AX20*'Sheet1 (2)'!$C$80)+(AY20*'Sheet1 (2)'!$C$81) -> 3.4270833 | BA20: =IF(AZ20="",$AH20,IF(AZ20>=4,"Good",IF(AZ20>=2.5,"Fair",IF(AZ20>=1,"Poor",IF(AZ20>=0,"Very Poor",""))))) -> Fair | BE20: =IF(D20='Sheet1 (2)'!$C$61,'Sheet1 (2)'!$D$61*(counts^2)+'Sheet1 (2)'!$G$61*counts+'Sheet1 (2)'!$J$61,IF(D20='Sheet1 (2)'!$C$62,'Sheet1 (2)'!$D$62*counts+'Sheet1 (2)'!$G$62,IF(D20='Sheet1 (2)'!$C$63,'Sheet1 (2)'!$D$63*counts+'Sheet1 (2)'!$G$63,IF(D20='Sheet1 (2)'!$C$64,'Sheet1 (2)'!$D$64*counts+'Sheet1 (2)'!$G$64)))) -> 2.0984129
A21: N-5 | B21: NB | C21: 161 | D21: A | E21: 8 | F21: 1 | G21: A | H21: 0.5 | I21: A | J21: b | K21: d | L21: =VLOOKUP(CONCATENATE(J21,K21),'Sheet1 (2)'!$J$6:$K$26,2,FALSE) -> 37.5 | M21: x | N21: x | O21: =VLOOKUP(CONCATENATE(M21,N21),'Sheet1 (2)'!$L$6:$M$26,2,FALSE) -> 0 | P21: x | Q21: x | R21: =VLOOKUP(CONCATENATE(P21,Q21),'Sheet1 (2)'!$N$6:$O$26,2,FALSE) -> 0 | S21: x | T21: x | U21: =VLOOKUP(CONCATENATE(S21,T21),'Sheet1 (2)'!$P$6:$Q$26,2,FALSE) -> 0 | V21: a | W21: e | X21: =VLOOKUP(CONCATENATE(V21,W21),'Sheet1 (2)'!$R$6:$S$26,2,FALSE) -> 25 | Y21: x | Z21: x | AA21: =VLOOKUP(CONCATENATE(Y21,Z21),'Sheet1 (2)'!$T$6:$U$26,2,FALSE) -> 0 | AB21: x | AC21: x | AD21: =VLOOKUP(CONCATENATE(AB21,AC21),'Sheet1 (2)'!$X$6:$Y$26,2,FALSE) -> 0 | AE21: b | AF21: e | AG21: =VLOOKUP(CONCATENATE(AE21,AF21),'Sheet1 (2)'!$Z$6:$AA$26,2,FALSE) -> 66 | AK21: N-5 | AL21: NB | AM21: =C21 -> 161 | AQ21: 4.4852274 | AS21: =LOOKUP(rufmkm,'Sheet1 (2)'!$V$62:$V$71,'Sheet1 (2)'!$W$62:$W$71) -> 50 | AU21: =IF(IF(D21='Sheet1 (2)'!$C$69,'Sheet1 (2)'!$D$69*('Sheet1 (2)'!$D$72-rut_index)/'Sheet1 (2)'!$D$72,IF(shee2!D21='Sheet1 (2)'!$C$70,'Sheet1 (2)'!$D$70*('Sheet1 (2)'!$D$72-rut_index)/'Sheet1 (2)'!$D$72,IF(shee2!D21='Sheet1 (2)'!$C$71,'Sheet1 (2)'!$D$71*('Sheet1 (2)'!$D$72-rut_index)/'Sheet1 (2)'!$D$72)))<0,0,IF(D21='Sheet1 (2)'!$C$69,'Sheet1 (2)'!$D$69*('Sheet1 (2)'!$D$72-rut_index)/'Sheet1 (2)'!$D$72,IF(shee2!D21='Sheet1 (2)'!$C$70,'Sheet1 (2)'!$D$70*('Sheet1 (2)'!$D$72-rut_index)/'Sheet1 (2)'!$D$72,IF(shee2!D21='Sheet1 (2)'!$C$71,'Sheet1 (2)'!$D$71*('Sheet1 (2)'!$D$72-rut_index)/'Sheet1 (2)'!$D$72)))) -> 1.875 | AV21: =IF(IF(D21='Sheet1 (2)'!$C$69,'Sheet1 (2)'!$D$69*('Sheet1 (2)'!$D$72-crack_s_index)/'Sheet1 (2)'!$D$72,IF(shee2!D21='Sheet1 (2)'!$C$70,'Sheet1 (2)'!$D$70*('Sheet1 (2)'!$D$72-crack_s_index)/'Sheet1 (2)'!$D$72,IF(shee2!D21='Sheet1 (2)'!$C$71,'Sheet1 (2)'!$D$71*('Sheet1 (2)'!$D$72-crack_s_index)/'Sheet1 (2)'!$D$72)))<0,0,IF(D21='Sheet1 (2)'!$C$69,'Sheet1 (2)'!$D$69*('Sheet1 (2)'!$D$72-crack_s_index)/'Sheet1 (2)'!$D$72,IF(shee2!D21='Sheet1 (2)'!$C$70,'Sheet1 (2)'!$D$70*('Sheet1 (2)'!$D$72-crack_s_index)/'Sheet1 (2)'!$D$72,IF(shee2!D21='Sheet1 (2)'!$C$71,'Sheet1 (2)'!$D$71*('Sheet1 (2)'!$D$72-crack_s_index)/'Sheet1 (2)'!$D$72)))) -> 5 | AW21: =IF(IF(D21='Sheet1 (2)'!$C$69,'Sheet1 (2)'!$D$69*('Sheet1 (2)'!$D$72-crack_t_index)/'Sheet1 (2)'!$D$72,IF(shee2!D21='Sheet1 (2)'!$C$70,'Sheet1 (2)'!$D$70*('Sheet1 (2)'!$D$72-crack_t_index)/'Sheet1 (2)'!$D$72,IF(shee2!D21='Sheet1 (2)'!$C$71,'Sheet1 (2)'!$D$71*('Sheet1 (2)'!$D$72-crack_t_index)/'Sheet1 (2)'!$D$72)))<0,0,IF(D21='Sheet1 (2)'!$C$69,'Sheet1 (2)'!$D$69*('Sheet1 (2)'!$D$72-crack_t_index)/'Sheet1 (2)'!$D$72,IF(shee2!D21='Sheet1 (2)'!$C$70,'Sheet1 (2)'!$D$70*('Sheet1 (2)'!$D$72-crack_t_index)/'Sheet1 (2)'!$D$72,IF(shee2!D21='Sheet1 (2)'!$C$71,'Sheet1 (2)'!$D$71*('Sheet1 (2)'!$D$72-crack_t_index)/'Sheet1 (2)'!$D$72)))) -> 5 | AX21: =IF(IF(D21='Sheet1 (2)'!$C$69,'Sheet1 (2)'!$D$69*('Sheet1 (2)'!$D$72-rave_index)/'Sheet1 (2)'!$D$72,IF(shee2!D21='Sheet1 (2)'!$C$70,'Sheet1 (2)'!$D$70*('Sheet1 (2)'!$D$72-rave_index)/'Sheet1 (2)'!$D$72,IF(shee2!D21='Sheet1 (2)'!$C$71,'Sheet1 (2)'!$D$71*('Sheet1 (2)'!$D$72-rave_index)/'Sheet1 (2)'!$D$72)))<0,0,IF(D21='Sheet1 (2)'!$C$69,'Sheet1 (2)'!$D$69*('Sheet1 (2)'!$D$72-rave_index)/'Sheet1 (2)'!$D$72,IF(shee2!D21='Sheet1 (2)'!$C$70,'Sheet1 (2)'!$D$70*('Sheet1 (2)'!$D$72-rave_index)/'Sheet1 (2)'!$D$72,IF(shee2!D21='Sheet1 (2)'!$C$71,'Sheet1 (2)'!$D$71*('Sheet1 (2)'!$D$72-rave_index)/'Sheet1 (2)'!$D$72)))) -> 5 | AY21: =IF(IF(D21='Sheet1 (2)'!$C$69,'Sheet1 (2)'!$D$69*('Sheet1 (2)'!$D$72-rough_index)/'Sheet1 (2)'!$D$72,IF(shee2!D21='Sheet1 (2)'!$C$70,'Sheet1 (2)'!$D$70*('Sheet1 (2)'!$D$72-rough_index)/'Sheet1 (2)'!$D$72,IF(shee2!D21='Sheet1 (2)'!$C$71,'Sheet1 (2)'!$D$71*('Sheet1 (2)'!$D$72-rough_index)/'Sheet1 (2)'!$D$72)))<0,0,IF(D21='Sheet1 (2)'!$C$69,'Sheet1 (2)'!$D$69*('Sheet1 (2)'!$D$72-rough_index)/'Sheet1 (2)'!$D$72,IF(shee2!D21='Sheet1 (2)'!$C$70,'Sheet1 (2)'!$D$70*('Sheet1 (2)'!$D$72-rough_index)/'Sheet1 (2)'!$D$72,IF(shee2!D21='Sheet1 (2)'!$C$71,'Sheet1 (2)'!$D$71*('Sheet1 (2)'!$D$72-rough_index)/'Sheet1 (2)'!$D$72)))) -> 0.83333333 | AZ21: =+(AU21*'Sheet1 (2)'!$C$77)+(AV21*'Sheet1 (2)'!$C$78)+(AW21*'Sheet1 (2)'!$C$79)+(AX21*'Sheet1 (2)'!$C$80)+(AY21*'Sheet1 (2)'!$C$81) -> 3.125 | BA21: =IF(AZ21="",$AH21,IF(AZ21>=4,"Good",IF(AZ21>=2.5,"Fair",IF(AZ21>=1,"Poor",IF(AZ21>=0,"Very Poor",""))))) -> Fair | BE21: =IF(D21='Sheet1 (2)'!$C$61,'Sheet1 (2)'!$D$61*(counts^2)+'Sheet1 (2)'!$G$61*counts+'Sheet1 (2)'!$J$61,IF(D21='Sheet1 (2)'!$C$62,'Sheet1 (2)'!$D$62*counts+'Sheet1 (2)'!$G$62,IF(D21='Sheet1 (2)'!$C$63,'Sheet1 (2)'!$D$63*counts+'Sheet1 (2)'!$G$63,IF(D21='Sheet1 (2)'!$C$64,'Sheet1 (2)'!$D$64*counts+'Sheet1 (2)'!$G$64)))) -> 2.0984129
A22: N-5 | B22: NB | C22: 162 | D22: A | E22: 8 | F22: 1 | G22: A | H22: 0.5 | I22: A | J22: x | K22: x | L22: =VLOOKUP(CONCATENATE(J22,K22),'Sheet1 (2)'!$J$6:$K$26,2,FALSE) -> 0 | M22: x | N22: x | O22: =VLOOKUP(CONCATENATE(M22,N22),'Sheet1 (2)'!$L$6:$M$26,2,FALSE) -> 0 | P22: x | Q22: x | R22: =VLOOKUP(CONCATENATE(P22,Q22),'Sheet1 (2)'!$N$6:$O$26,2,FALSE) -> 0 | S22: x | T22: x | U22: =VLOOKUP(CONCATENATE(S22,T22),'Sheet1 (2)'!$P$6:$Q$26,2,FALSE) -> 0 | V22: x | W22: x | X22: =VLOOKUP(CONCATENATE(V22,W22),'Sheet1 (2)'!$R$6:$S$26,2,FALSE) -> 0 | Y22: x | Z22: x | AA22: =VLOOKUP(CONCATENATE(Y22,Z22),'Sheet1 (2)'!$T$6:$U$26,2,FALSE) -> 0 | AB22: x | AC22: x | AD22: =VLOOKUP(CONCATENATE(AB22,AC22),'Sheet1 (2)'!$X$6:$Y$26,2,FALSE) -> 0 | AE22: b | AF22: e | AG22: =VLOOKUP(CONCATENATE(AE22,AF22),'Sheet1 (2)'!$Z$6:$AA$26,2,FALSE) -> 66 | AK22: N-5 | AL22: NB | AM22: =C22 -> 162 | AO22: HYDERABAD BYPAS END | AQ22: 6.6888867 | AS22: =LOOKUP(rufmkm,'Sheet1 (2)'!$V$62:$V$71,'Sheet1 (2)'!$W$62:$W$71) -> 70 | AU22: =IF(IF(D22='Sheet1 (2)'!$C$69,'Sheet1 (2)'!$D$69*('Sheet1 (2)'!$D$72-rut_index)/'Sheet1 (2)'!$D$72,IF(shee2!D22='Sheet1 (2)'!$C$70,'Sheet1 (2)'!$D$70*('Sheet1 (2)'!$D$72-rut_index)/'Sheet1 (2)'!$D$72,IF(shee2!D22='Sheet1 (2)'!$C$71,'Sheet1 (2)'!$D$71*('Sheet1 (2)'!$D$72-rut_index)/'Sheet1 (2)'!$D$72)))<0,0,IF(D22='Sheet1 (2)'!$C$69,'Sheet1 (2)'!$D$69*('Sheet1 (2)'!$D$72-rut_index)/'Sheet1 (2)'!$D$72,IF(shee2!D22='Sheet1 (2)'!$C$70,'Sheet1 (2)'!$D$70*('Sheet1 (2)'!$D$72-rut_index)/'Sheet1 (2)'!$D$72,IF(shee2!D22='Sheet1 (2)'!$C$71,'Sheet1 (2)'!$D$71*('Sheet1 (2)'!$D$72-rut_index)/'Sheet1 (2)'!$D$72)))) -> 5 | AV22: =IF(IF(D22='Sheet1 (2)'!$C$69,'Sheet1 (2)'!$D$69*('Sheet1 (2)'!$D$72-crack_s_index)/'Sheet1 (2)'!$D$72,IF(shee2!D22='Sheet1 (2)'!$C$70,'Sheet1 (2)'!$D$70*('Sheet1 (2)'!$D$72-crack_s_index)/'Sheet1 (2)'!$D$72,IF(shee2!D22='Sheet1 (2)'!$C$71,'Sheet1 (2)'!$D$71*('Sheet1 (2)'!$D$72-crack_s_index)/'Sheet1 (2)'!$D$72)))<0,0,IF(D22='Sheet1 (2)'!$C$69,'Sheet1 (2)'!$D$69*('Sheet1 (2)'!$D$72-crack_s_index)/'Sheet1 (2)'!$D$72,IF(shee2!D22='Sheet1 (2)'!$C$70,'Sheet1 (2)'!$D$70*('Sheet1 (2)'!$D$72-crack_s_index)/'Sheet1 (2)'!$D$72,IF(shee2!D22='Sheet1 (2)'!$C$71,'Sheet1 (2)'!$D$71*('Sheet1 (2)'!$D$72-crack_s_index)/'Sheet1 (2)'!$D$72)))) -> 5 | AW22: =IF(IF(D22='Sheet1 (2)'!$C$69,'Sheet1 (2)'!$D$69*('Sheet1 (2)'!$D$72-crack_t_index)/'Sheet1 (2)'!$D$72,IF(shee2!D22='Sheet1 (2)'!$C$70,'Sheet1 (2)'!$D$70*('Sheet1 (2)'!$D$72-crack_t_index)/'Sheet1 (2)'!$D$72,IF(shee2!D22='Sheet1 (2)'!$C$71,'Sheet1 (2)'!$D$71*('Sheet1 (2)'!$D$72-crack_t_index)/'Sheet1 (2)'!$D$72)))<0,0,IF(D22='Sheet1 (2)'!$C$69,'Sheet1 (2)'!$D$69*('Sheet1 (2)'!$D$72-crack_t_index)/'Sheet1 (2)'!$D$72,IF(shee2!D22='Sheet1 (2)'!$C$70,'Sheet1 (2)'!$D$70*('Sheet1 (2)'!$D$72-crack_t_index)/'Sheet1 (2)'!$D$72,IF(shee2!D22='Sheet1 (2)'!$C$71,'Sheet1 (2)'!$D$71*('Sheet1 (2)'!$D$72-crack_t_index)/'Sheet1 (2)'!$D$72)))) -> 5 | AX22: =IF(IF(D22='Sheet1 (2)'!$C$69,'Sheet1 (2)'!$D$69*('Sheet1 (2)'!$D$72-rave_index)/'Sheet1 (2)'!$D$72,IF(shee2!D22='Sheet1 (2)'!$C$70,'Sheet1 (2)'!$D$70*('Sheet1 (2)'!$D$72-rave_index)/'Sheet1 (2)'!$D$72,IF(shee2!D22='Sheet1 (2)'!$C$71,'Sheet1 (2)'!$D$71*('Sheet1 (2)'!$D$72-rave_index)/'Sheet1 (2)'!$D$72)))<0,0,IF(D22='Sheet1 (2)'!$C$69,'Sheet1 (2)'!$D$69*('Sheet1 (2)'!$D$72-rave_index)/'Sheet1 (2)'!$D$72,IF(shee2!D22='Sheet1 (2)'!$C$70,'Sheet1 (2)'!$D$70*('Sheet1 (2)'!$D$72-rave_index)/'Sheet1 (2)'!$D$72,IF(shee2!D22='Sheet1 (2)'!$C$71,'Sheet1 (2)'!$D$71*('Sheet1 (2)'!$D$72-rave_index)/'Sheet1 (2)'!$D$72)))) -> 5 | AY22: =IF(IF(D22='Sheet1 (2)'!$C$69,'Sheet1 (2)'!$D$69*('Sheet1 (2)'!$D$72-rough_index)/'Sheet1 (2)'!$D$72,IF(shee2!D22='Sheet1 (2)'!$C$70,'Sheet1 (2)'!$D$70*('Sheet1 (2)'!$D$72-rough_index)/'Sheet1 (2)'!$D$72,IF(shee2!D22='Sheet1 (2)'!$C$71,'Sheet1 (2)'!$D$71*('Sheet1 (2)'!$D$72-rough_index)/'Sheet1 (2)'!$D$72)))<0,0,IF(D22='Sheet1 (2)'!$C$69,'Sheet1 (2)'!$D$69*('Sheet1 (2)'!$D$72-rough_index)/'Sheet1 (2)'!$D$72,IF(shee2!D22='Sheet1 (2)'!$C$70,'Sheet1 (2)'!$D$70*('Sheet1 (2)'!$D$72-rough_index)/'Sheet1 (2)'!$D$72,IF(shee2!D22='Sheet1 (2)'!$C$71,'Sheet1 (2)'!$D$71*('Sheet1 (2)'!$D$72-rough_index)/'Sheet1 (2)'!$D$72)))) -> 0 | AZ22: =+(AU22*'Sheet1 (2)'!$C$77)+(AV22*'Sheet1 (2)'!$C$78)+(AW22*'Sheet1 (2)'!$C$79)+(AX22*'Sheet1 (2)'!$C$80)+(AY22*'Sheet1 (2)'!$C$81) -> 3.5 | BA22: =IF(AZ22="",$AH22,IF(AZ22>=4,"Good",IF(AZ22>=2.5,"Fair",IF(AZ22>=1,"Poor",IF(AZ22>=0,"Very Poor",""))))) -> Fair | BE22: =IF(D22='Sheet1 (2)'!$C$61,'Sheet1 (2)'!$D$61*(counts^2)+'Sheet1 (2)'!$G$61*counts+'Sheet1 (2)'!$J$61,IF(D22='Sheet1 (2)'!$C$62,'Sheet1 (2)'!$D$62*counts+'Sheet1 (2)'!$G$62,IF(D22='Sheet1 (2)'!$C$63,'Sheet1 (2)'!$D$63*counts+'Sheet1 (2)'!$G$63,IF(D22='Sheet1 (2)'!$C$64,'Sheet1 (2)'!$D$64*counts+'Sheet1 (2)'!$G$64)))) -> 2.0984129
A23: N-5 | B23: NB | C23: 163 | D23: A | E23: 8 | F23: 1 | G23: A | H23: 0.5 | I23: A | J23: x | K23: x | L23: =VLOOKUP(CONCATENATE(J23,K23),'Sheet1 (2)'!$J$6:$K$26,2,FALSE) -> 0 | M23: x | N23: x | O23: =VLOOKUP(CONCATENATE(M23,N23),'Sheet1 (2)'!$L$6:$M$26,2,FALSE) -> 0 | P23: x | Q23: x | R23: =VLOOKUP(CONCATENATE(P23,Q23),'Sheet1 (2)'!$N$6:$O$26,2,FALSE) -> 0 | S23: x | T23: x | U23: =VLOOKUP(CONCATENATE(S23,T23),'Sheet1 (2)'!$P$6:$Q$26,2,FALSE) -> 0 | V23: x | W23: x | X23: =VLOOKUP(CONCATENATE(V23,W23),'Sheet1 (2)'!$R$6:$S$26,2,FALSE) -> 0 | Y23: c | Z23: a | AA23: =VLOOKUP(CONCATENATE(Y23,Z23),'Sheet1 (2)'!$T$6:$U$26,2,FALSE) -> 7.5 | AB23: x | AC23: x | AD23: =VLOOKUP(CONCATENATE(AB23,AC23),'Sheet1 (2)'!$X$6:$Y$26,2,FALSE) -> 0 | AE23: b | AF23: e | AG23: =VLOOKUP(CONCATENATE(AE23,AF23),'Sheet1 (2)'!$Z$6:$AA$26,2,FALSE) -> 66 | AK23: N-5 | AL23: NB | AM23: =C23 -> 163 | AO23: 163 MP | AQ23: 4.9738694 | AS23: =LOOKUP(rufmkm,'Sheet1 (2)'!$V$62:$V$71,'Sheet1 (2)'!$W$62:$W$71) -> 50 | AU23: =IF(IF(D23='Sheet1 (2)'!$C$69,'Sheet1 (2)'!$D$69*('Sheet1 (2)'!$D$72-rut_index)/'Sheet1 (2)'!$D$72,IF(shee2!D23='Sheet1 (2)'!$C$70,'Sheet1 (2)'!$D$70*('Sheet1 (2)'!$D$72-rut_index)/'Sheet1 (2)'!$D$72,IF(shee2!D23='Sheet1 (2)'!$C$71,'Sheet1 (2)'!$D$71*('Sheet1 (2)'!$D$72-rut_index)/'Sheet1 (2)'!$D$72)))<0,0,IF(D23='Sheet1 (2)'!$C$69,'Sheet1 (2)'!$D$69*('Sheet1 (2)'!$D$72-rut_index)/'Sheet1 (2)'!$D$72,IF(shee2!D23='Sheet1 (2)'!$C$70,'Sheet1 (2)'!$D$70*('Sheet1 (2)'!$D$72-rut_index)/'Sheet1 (2)'!$D$72,IF(shee2!D23='Sheet1 (2)'!$C$71,'Sheet1 (2)'!$D$71*('Sheet1 (2)'!$D$72-rut_index)/'Sheet1 (2)'!$D$72)))) -> 5 | AV23: =IF(IF(D23='Sheet1 (2)'!$C$69,'Sheet1 (2)'!$D$69*('Sheet1 (2)'!$D$72-crack_s_index)/'Sheet1 (2)'!$D$72,IF(shee2!D23='Sheet1 (2)'!$C$70,'Sheet1 (2)'!$D$70*('Sheet1 (2)'!$D$72-crack_s_index)/'Sheet1 (2)'!$D$72,IF(shee2!D23='Sheet1 (2)'!$C$71,'Sheet1 (2)'!$D$71*('Sheet1 (2)'!$D$72-crack_s_index)/'Sheet1 (2)'!$D$72)))<0,0,IF(D23='Sheet1 (2)'!$C$69,'Sheet1 (2)'!$D$69*('Sheet1 (2)'!$D$72-crack_s_index)/'Sheet1 (2)'!$D$72,IF(shee2!D23='Sheet1 (2)'!$C$70,'Sheet1 (2)'!$D$70*('Sheet1 (2)'!$D$72-crack_s_index)/'Sheet1 (2)'!$D$72,IF(shee2!D23='Sheet1 (2)'!$C$71,'Sheet1 (2)'!$D$71*('Sheet1 (2)'!$D$72-crack_s_index)/'Sheet1 (2)'!$D$72)))) -> 5 | AW23: =IF(IF(D23='Sheet1 (2)'!$C$69,'Sheet1 (2)'!$D$69*('Sheet1 (2)'!$D$72-crack_t_index)/'Sheet1 (2)'!$D$72,IF(shee2!D23='Sheet1 (2)'!$C$70,'Sheet1 (2)'!$D$70*('Sheet1 (2)'!$D$72-crack_t_index)/'Sheet1 (2)'!$D$72,IF(shee2!D23='Sheet1 (2)'!$C$71,'Sheet1 (2)'!$D$71*('Sheet1 (2)'!$D$72-crack_t_index)/'Sheet1 (2)'!$D$72)))<0,0,IF(D23='Sheet1 (2)'!$C$69,'Sheet1 (2)'!$D$69*('Sheet1 (2)'!$D$72-crack_t_index)/'Sheet1 (2)'!$D$72,IF(shee2!D23='Sheet1 (2)'!$C$70,'Sheet1 (2)'!$D$70*('Sheet1 (2)'!$D$72-crack_t_index)/'Sheet1 (2)'!$D$72,IF(shee2!D23='Sheet1 (2)'!$C$71,'Sheet1 (2)'!$D$71*('Sheet1 (2)'!$D$72-crack_t_index)/'Sheet1 (2)'!$D$72)))) -> 5 | AX23: =IF(IF(D23='Sheet1 (2)'!$C$69,'Sheet1 (2)'!$D$69*('Sheet1 (2)'!$D$72-rave_index)/'Sheet1 (2)'!$D$72,IF(shee2!D23='Sheet1 (2)'!$C$70,'Sheet1 (2)'!$D$70*('Sheet1 (2)'!$D$72-rave_index)/'Sheet1 (2)'!$D$72,IF(shee2!D23='Sheet1 (2)'!$C$71,'Sheet1 (2)'!$D$71*('Sheet1 (2)'!$D$72-rave_index)/'Sheet1 (2)'!$D$72)))<0,0,IF(D23='Sheet1 (2)'!$C$69,'Sheet1 (2)'!$D$69*('Sheet1 (2)'!$D$72-rave_index)/'Sheet1 (2)'!$D$72,IF(shee2!D23='Sheet1 (2)'!$C$70,'Sheet1 (2)'!$D$70*('Sheet1 (2)'!$D$72-rave_index)/'Sheet1 (2)'!$D$72,IF(shee2!D23='Sheet1 (2)'!$C$71,'Sheet1 (2)'!$D$71*('Sheet1 (2)'!$D$72-rave_index)/'Sheet1 (2)'!$D$72)))) -> 4.375 | AY23: =IF(IF(D23='Sheet1 (2)'!$C$69,'Sheet1 (2)'!$D$69*('Sheet1 (2)'!$D$72-rough_index)/'Sheet1 (2)'!$D$72,IF(shee2!D23='Sheet1 (2)'!$C$70,'Sheet1 (2)'!$D$70*('Sheet1 (2)'!$D$72-rough_index)/'Sheet1 (2)'!$D$72,IF(shee2!D23='Sheet1 (2)'!$C$71,'Sheet1 (2)'!$D$71*('Sheet1 (2)'!$D$72-rough_index)/'Sheet1 (2)'!$D$72)))<0,0,IF(D23='Sheet1 (2)'!$C$69,'Sheet1 (2)'!$D$69*('Sheet1 (2)'!$D$72-rough_index)/'Sheet1 (2)'!$D$72,IF(shee2!D23='Sheet1 (2)'!$C$70,'Sheet1 (2)'!$D$70*('Sheet1 (2)'!$D$72-rough_index)/'Sheet1 (2)'!$D$72,IF(shee2!D23='Sheet1 (2)'!$C$71,'Sheet1 (2)'!$D$71*('Sheet1 (2)'!$D$72-rough_index)/'Sheet1 (2)'!$D$72)))) -> 0.83333333 | AZ23: =+(AU23*'Sheet1 (2)'!$C$77)+(AV23*'Sheet1 (2)'!$C$78)+(AW23*'Sheet1 (2)'!$C$79)+(AX23*'Sheet1 (2)'!$C$80)+(AY23*'Sheet1 (2)'!$C$81) -> 3.6875 | BA23: =IF(AZ23="",$AH23,IF(AZ23>=4,"Good",IF(AZ23>=2.5,"Fair",IF(AZ23>=1,"Poor",IF(AZ23>=0,"Very Poor",""))))) -> Fair | BE23: =IF(D23='Sheet1 (2)'!$C$61,'Sheet1 (2)'!$D$61*(counts^2)+'Sheet1 (2)'!$G$61*counts+'Sheet1 (2)'!$J$61,IF(D23='Sheet1 (2)'!$C$62,'Sheet1 (2)'!$D$62*counts+'Sheet1 (2)'!$G$62,IF(D23='Sheet1 (2)'!$C$63,'Sheet1 (2)'!$D$63*counts+'Sheet1 (2)'!$G$63,IF(D23='Sheet1 (2)'!$C$64,'Sheet1 (2)'!$D$64*counts+'Sheet1 (2)'!$G$64)))) -> 2.0984129
A24: N-5 | B24: NB | C24: 164 | D24: A | E24: 8 | F24: 1 | G24: A | H24: 0.5 | I24: A | J24: x | K24: x | L24: =VLOOKUP(CONCATENATE(J24,K24),'Sheet1 (2)'!$J$6:$K$26,2,FALSE) -> 0 | M24: x | N24: x | O24: =VLOOKUP(CONCATENATE(M24,N24),'Sheet1 (2)'!$L$6:$M$26,2,FALSE) -> 0 | P24: x | Q24: x | R24: =VLOOKUP(CONCATENATE(P24,Q24),'Sheet1 (2)'!$N$6:$O$26,2,FALSE) -> 0 | S24: x | T24: x | U24: =VLOOKUP(CONCATENATE(S24,T24),'Sheet1 (2)'!$P$6:$Q$26,2,FALSE) -> 0 | V24: x | W24: x | X24: =VLOOKUP(CONCATENATE(V24,W24),'Sheet1 (2)'!$R$6:$S$26,2,FALSE) -> 0 | Y24: c | Z24: b | AA24: =VLOOKUP(CONCATENATE(Y24,Z24),'Sheet1 (2)'!$T$6:$U$26,2,FALSE) -> 18.75 | AB24: x | AC24: x | AD24: =VLOOKUP(CONCATENATE(AB24,AC24),'Sheet1 (2)'!$X$6:$Y$26,2,FALSE) -> 0 | AE24: b | AF24: e | AG24: =VLOOKUP(CONCATENATE(AE24,AF24),'Sheet1 (2)'!$Z$6:$AA$26,2,FALSE) -> 66 | AK24: N-5 | AL24: NB | AM24: =C24 -> 164 | AQ24: 4.0331054 | AS24: =LOOKUP(rufmkm,'Sheet1 (2)'!$V$62:$V$71,'Sheet1 (2)'!$W$62:$W$71) -> 50 | AU24: =IF(IF(D24='Sheet1 (2)'!$C$69,'Sheet1 (2)'!$D$69*('Sheet1 (2)'!$D$72-rut_index)/'Sheet1 (2)'!$D$72,IF(shee2!D24='Sheet1 (2)'!$C$70,'Sheet1 (2)'!$D$70*('Sheet1 (2)'!$D$72-rut_index)/'Sheet1 (2)'!$D$72,IF(shee2!D24='Sheet1 (2)'!$C$71,'Sheet1 (2)'!$D$71*('Sheet1 (2)'!$D$72-rut_index)/'Sheet1 (2)'!$D$72)))<0,0,IF(D24='Sheet1 (2)'!$C$69,'Sheet1 (2)'!$D$69*('Sheet1 (2)'!$D$72-rut_index)/'Sheet1 (2)'!$D$72,IF(shee2!D24='Sheet1 (2)'!$C$70,'Sheet1 (2)'!$D$70*('Sheet1 (2)'!$D$72-rut_index)/'Sheet1 (2)'!$D$72,IF(shee2!D24='Sheet1 (2)'!$C$71,'Sheet1 (2)'!$D$71*('Sheet1 (2)'!$D$72-rut_index)/'Sheet1 (2)'!$D$72)))) -> 5 | AV24: =IF(IF(D24='Sheet1 (2)'!$C$69,'Sheet1 (2)'!$D$69*('Sheet1 (2)'!$D$72-crack_s_index)/'Sheet1 (2)'!$D$72,IF(shee2!D24='Sheet1 (2)'!$C$70,'Sheet1 (2)'!$D$70*('Sheet1 (2)'!$D$72-crack_s_index)/'Sheet1 (2)'!$D$72,IF(shee2!D24='Sheet1 (2)'!$C$71,'Sheet1 (2)'!$D$71*('Sheet1 (2)'!$D$72-crack_s_index)/'Sheet1 (2)'!$D$72)))<0,0,IF(D24='Sheet1 (2)'!$C$69,'Sheet1 (2)'!$D$69*('Sheet1 (2)'!$D$72-crack_s_index)/'Sheet1 (2)'!$D$72,IF(shee2!D24='Sheet1 (2)'!$C$70,'Sheet1 (2)'!$D$70*('Sheet1 (2)'!$D$72-crack_s_index)/'Sheet1 (2)'!$D$72,IF(shee2!D24='Sheet1 (2)'!$C$71,'Sheet1 (2)'!$D$71*('Sheet1 (2)'!$D$72-crack_s_index)/'Sheet1 (2)'!$D$72)))) -> 5 | AW24: =IF(IF(D24='Sheet1 (2)'!$C$69,'Sheet1 (2)'!$D$69*('Sheet1 (2)'!$D$72-crack_t_index)/'Sheet1 (2)'!$D$72,IF(shee2!D24='Sheet1 (2)'!$C$70,'Sheet1 (2)'!$D$70*('Sheet1 (2)'!$D$72-crack_t_index)/'Sheet1 (2)'!$D$72,IF(shee2!D24='Sheet1 (2)'!$C$71,'Sheet1 (2)'!$D$71*('Sheet1 (2)'!$D$72-crack_t_index)/'Sheet1 (2)'!$D$72)))<0,0,IF(D24='Sheet1 (2)'!$C$69,'Sheet1 (2)'!$D$69*('Sheet1 (2)'!$D$72-crack_t_index)/'Sheet1 (2)'!$D$72,IF(shee2!D24='Sheet1 (2)'!$C$70,'Sheet1 (2)'!$D$70*('Sheet1 (2)'!$D$72-crack_t_index)/'Sheet1 (2)'!$D$72,IF(shee2!D24='Sheet1 (2)'!$C$71,'Sheet1 (2)'!$D$71*('Sheet1 (2)'!$D$72-crack_t_index)/'Sheet1 (2)'!$D$72)))) -> 5 | AX24: =IF(IF(D24='Sheet1 (2)'!$C$69,'Sheet1 (2)'!$D$69*('Sheet1 (2)'!$D$72-rave_index)/'Sheet1 (2)'!$D$72,IF(shee2!D24='Sheet1 (2)'!$C$70,'Sheet1 (2)'!$D$70*('Sheet1 (2)'!$D$72-rave_index)/'Sheet1 (2)'!$D$72,IF(shee2!D24='Sheet1 (2)'!$C$71,'Sheet1 (2)'!$D$71*('Sheet1 (2)'!$D$72-rave_index)/'Sheet1 (2)'!$D$72)))<0,0,IF(D24='Sheet1 (2)'!$C$69,'Sheet1 (2)'!$D$69*('Sheet1 (2)'!$D$72-rave_index)/'Sheet1 (2)'!$D$72,IF(shee2!D24='Sheet1 (2)'!$C$70,'Sheet1 (2)'!$D$70*('Sheet1 (2)'!$D$72-rave_index)/'Sheet1 (2)'!$D$72,IF(shee2!D24='Sheet1 (2)'!$C$71,'Sheet1 (2)'!$D$71*('Sheet1 (2)'!$D$72-rave_index)/'Sheet1 (2)'!$D$72)))) -> 3.4375 | AY24: =IF(IF(D24='Sheet1 (2)'!$C$69,'Sheet1 (2)'!$D$69*('Sheet1 (2)'!$D$72-rough_index)/'Sheet1 (2)'!$D$72,IF(shee2!D24='Sheet1 (2)'!$C$70,'Sheet1 (2)'!$D$70*('Sheet1 (2)'!$D$72-rough_index)/'Sheet1 (2)'!$D$72,IF(shee2!D24='Sheet1 (2)'!$C$71,'Sheet1 (2)'!$D$71*('Sheet1 (2)'!$D$72-rough_index)/'Sheet1 (2)'!$D$72)))<0,0,IF(D24='Sheet1 (2)'!$C$69,'Sheet1 (2)'!$D$69*('Sheet1 (2)'!$D$72-rough_index)/'Sheet1 (2)'!$D$72,IF(shee2!D24='Sheet1 (2)'!$C$70,'Sheet1 (2)'!$D$70*('Sheet1 (2)'!$D$72-rough_index)/'Sheet1 (2)'!$D$72,IF(shee2!D24='Sheet1 (2)'!$C$71,'Sheet1 (2)'!$D$71*('Sheet1 (2)'!$D$72-rough_index)/'Sheet1 (2)'!$D$72)))) -> 0.83333333 | AZ24: =+(AU24*'Sheet1 (2)'!$C$77)+(AV24*'Sheet1 (2)'!$C$78)+(AW24*'Sheet1 (2)'!$C$79)+(AX24*'Sheet1 (2)'!$C$80)+(AY24*'Sheet1 (2)'!$C$81) -> 3.59375 | BA24: =IF(AZ24="",$AH24,IF(AZ24>=4,"Good",IF(AZ24>=2.5,"Fair",IF(AZ24>=1,"Poor",IF(AZ24>=0,"Very Poor",""))))) -> Fair | BE24: =IF(D24='Sheet1 (2)'!$C$61,'Sheet1 (2)'!$D$61*(counts^2)+'Sheet1 (2)'!$G$61*counts+'Sheet1 (2)'!$J$61,IF(D24='Sheet1 (2)'!$C$62,'Sheet1 (2)'!$D$62*counts+'Sheet1 (2)'!$G$62,IF(D24='Sheet1 (2)'!$C$63,'Sheet1 (2)'!$D$63*counts+'Sheet1 (2)'!$G$63,IF(D24='Sheet1 (2)'!$C$64,'Sheet1 (2)'!$D$64*counts+'Sheet1 (2)'!$G$64)))) -> 2.0984129
A25: N-5 | B25: NB | C25: 165 | D25: A | E25: 8 | F25: 1 | G25: A | H25: 0.5 | I25: A | J25: c | K25: e | L25: =VLOOKUP(CONCATENATE(J25,K25),'Sheet1 (2)'!$J$6:$K$26,2,FALSE) -> 75 | M25: x | N25: x | O25: =VLOOKUP(CONCATENATE(M25,N25),'Sheet1 (2)'!$L$6:$M$26,2,FALSE) -> 0 | P25: x | Q25: x | R25: =VLOOKUP(CONCATENATE(P25,Q25),'Sheet1 (2)'!$N$6:$O$26,2,FALSE) -> 0 | S25: x | T25: x | U25: =VLOOKUP(CONCATENATE(S25,T25),'Sheet1 (2)'!$P$6:$Q$26,2,FALSE) -> 0 | V25: x | W25: x | X25: =VLOOKUP(CONCATENATE(V25,W25),'Sheet1 (2)'!$R$6:$S$26,2,FALSE) -> 0 | Y25: x | Z25: x | AA25: =VLOOKUP(CONCATENATE(Y25,Z25),'Sheet1 (2)'!$T$6:$U$26,2,FALSE) -> 0 | AB25: x | AC25: x | AD25: =VLOOKUP(CONCATENATE(AB25,AC25),'Sheet1 (2)'!$X$6:$Y$26,2,FALSE) -> 0 | AE25: b | AF25: e | AG25: =VLOOKUP(CONCATENATE(AE25,AF25),'Sheet1 (2)'!$Z$6:$AA$26,2,FALSE) -> 66 | AK25: N-5 | AL25: NB | AM25: =C25 -> 165 | AQ25: 4.363071 | AS25: =LOOKUP(rufmkm,'Sheet1 (2)'!$V$62:$V$71,'Sheet1 (2)'!$W$62:$W$71) -> 50 | AU25: =IF(IF(D25='Sheet1 (2)'!$C$69,'Sheet1 (2)'!$D$69*('Sheet1 (2)'!$D$72-rut_index)/'Sheet1 (2)'!$D$72,IF(shee2!D25='Sheet1 (2)'!$C$70,'Sheet1 (2)'!$D$70*('Sheet1 (2)'!$D$72-rut_index)/'Sheet1 (2)'!$D$72,IF(shee2!D25='Sheet1 (2)'!$C$71,'Sheet1 (2)'!$D$71*('Sheet1 (2)'!$D$72-rut_index)/'Sheet1 (2)'!$D$72)))<0,0,IF(D25='Sheet1 (2)'!$C$69,'Sheet1 (2)'!$D$69*('Sheet1 (2)'!$D$72-rut_index)/'Sheet1 (2)'!$D$72,IF(shee2!D25='Sheet1 (2)'!$C$70,'Sheet1 (2)'!$D$70*('Sheet1 (2)'!$D$72-rut_index)/'Sheet1 (2)'!$D$72,IF(shee2!D25='Sheet1 (2)'!$C$71,'Sheet1 (2)'!$D$71*('Sheet1 (2)'!$D$72-rut_index)/'Sheet1 (2)'!$D$72)))) -> 0 | AV25: =IF(IF(D25='Sheet1 (2)'!$C$69,'Sheet1 (2)'!$D$69*('Sheet1 (2)'!$D$72-crack_s_index)/'Sheet1 (2)'!$D$72,IF(shee2!D25='Sheet1 (2)'!$C$70,'Sheet1 (2)'!$D$70*('Sheet1 (2)'!$D$72-crack_s_index)/'Sheet1 (2)'!$D$72,IF(shee2!D25='Sheet1 (2)'!$C$71,'Sheet1 (2)'!$D$71*('Sheet1 (2)'!$D$72-crack_s_index)/'Sheet1 (2)'!$D$72)))<0,0,IF(D25='Sheet1 (2)'!$C$69,'Sheet1 (2)'!$D$69*('Sheet1 (2)'!$D$72-crack_s_index)/'Sheet1 (2)'!$D$72,IF(shee2!D25='Sheet1 (2)'!$C$70,'Sheet1 (2)'!$D$70*('Sheet1 (2)'!$D$72-crack_s_index)/'Sheet1 (2)'!$D$72,IF(shee2!D25='Sheet1 (2)'!$C$71,'Sheet1 (2)'!$D$71*('Sheet1 (2)'!$D$72-crack_s_index)/'Sheet1 (2)'!$D$72)))) -> 5 | AW25: =IF(IF(D25='Sheet1 (2)'!$C$69,'Sheet1 (2)'!$D$69*('Sheet1 (2)'!$D$72-crack_t_index)/'Sheet1 (2)'!$D$72,IF(shee2!D25='Sheet1 (2)'!$C$70,'Sheet1 (2)'!$D$70*('Sheet1 (2)'!$D$72-crack_t_index)/'Sheet1 (2)'!$D$72,IF(shee2!D25='Sheet1 (2)'!$C$71,'Sheet1 (2)'!$D$71*('Sheet1 (2)'!$D$72-crack_t_index)/'Sheet1 (2)'!$D$72)))<0,0,IF(D25='Sheet1 (2)'!$C$69,'Sheet1 (2)'!$D$69*('Sheet1 (2)'!$D$72-crack_t_index)/'Sheet1 (2)'!$D$72,IF(shee2!D25='Sheet1 (2)'!$C$70,'Sheet1 (2)'!$D$70*('Sheet1 (2)'!$D$72-crack_t_index)/'Sheet1 (2)'!$D$72,IF(shee2!D25='Sheet1 (2)'!$C$71,'Sheet1 (2)'!$D$71*('Sheet1 (2)'!$D$72-crack_t_index)/'Sheet1 (2)'!$D$72)))) -> 5 | AX25: =IF(IF(D25='Sheet1 (2)'!$C$69,'Sheet1 (2)'!$D$69*('Sheet1 (2)'!$D$72-rave_index)/'Sheet1 (2)'!$D$72,IF(shee2!D25='Sheet1 (2)'!$C$70,'Sheet1 (2)'!$D$70*('Sheet1 (2)'!$D$72-rave_index)/'Sheet1 (2)'!$D$72,IF(shee2!D25='Sheet1 (2)'!$C$71,'Sheet1 (2)'!$D$71*('Sheet1 (2)'!$D$72-rave_index)/'Sheet1 (2)'!$D$72)))<0,0,IF(D25='Sheet1 (2)'!$C$69,'Sheet1 (2)'!$D$69*('Sheet1 (2)'!$D$72-rave_index)/'Sheet1 (2)'!$D$72,IF(shee2!D25='Sheet1 (2)'!$C$70,'Sheet1 (2)'!$D$70*('Sheet1 (2)'!$D$72-rave_index)/'Sheet1 (2)'!$D$72,IF(shee2!D25='Sheet1 (2)'!$C$71,'Sheet1 (2)'!$D$71*('Sheet1 (2)'!$D$72-rave_index)/'Sheet1 (2)'!$D$72)))) -> 5 | AY25: =IF(IF(D25='Sheet1 (2)'!$C$69,'Sheet1 (2)'!$D$69*('Sheet1 (2)'!$D$72-rough_index)/'Sheet1 (2)'!$D$72,IF(shee2!D25='Sheet1 (2)'!$C$70,'Sheet1 (2)'!$D$70*('Sheet1 (2)'!$D$72-rough_index)/'Sheet1 (2)'!$D$72,IF(shee2!D25='Sheet1 (2)'!$C$71,'Sheet1 (2)'!$D$71*('Sheet1 (2)'!$D$72-rough_index)/'Sheet1 (2)'!$D$72)))<0,0,IF(D25='Sheet1 (2)'!$C$69,'Sheet1 (2)'!$D$69*('Sheet1 (2)'!$D$72-rough_index)/'Sheet1 (2)'!$D$72,IF(shee2!D25='Sheet1 (2)'!$C$70,'Sheet1 (2)'!$D$70*('Sheet1 (2)'!$D$72-rough_index)/'Sheet1 (2)'!$D$72,IF(shee2!D25='Sheet1 (2)'!$C$71,'Sheet1 (2)'!$D$71*('Sheet1 (2)'!$D$72-rough_index)/'Sheet1 (2)'!$D$72)))) -> 0.83333333 | AZ25: =+(AU25*'Sheet1 (2)'!$C$77)+(AV25*'Sheet1 (2)'!$C$78)+(AW25*'Sheet1 (2)'!$C$79)+(AX25*'Sheet1 (2)'!$C$80)+(AY25*'Sheet1 (2)'!$C$81) -> 2.75 | BA25: =IF(AZ25="",$AH25,IF(AZ25>=4,"Good",IF(AZ25>=2.5,"Fair",IF(AZ25>=1,"Poor",IF(AZ25>=0,"Very Poor",""))))) -> Fair | BE25: =IF(D25='Sheet1 (2)'!$C$61,'Sheet1 (2)'!$D$61*(counts^2)+'Sheet1 (2)'!$G$61*counts+'Sheet1 (2)'!$J$61,IF(D25='Sheet1 (2)'!$C$62,'Sheet1 (2)'!$D$62*counts+'Sheet1 (2)'!$G$62,IF(D25='Sheet1 (2)'!$C$63,'Sheet1 (2)'!$D$63*counts+'Sheet1 (2)'!$G$63,IF(D25='Sheet1 (2)'!$C$64,'Sheet1 (2)'!$D$64*counts+'Sheet1 (2)'!$G$64)))) -> 2.0984129
A26: N-5 | B26: NB | C26: 166 | D26: A | E26: 8 | F26: 1 | G26: A | H26: 0.5 | I26: A | J26: c | K26: d | L26: =VLOOKUP(CONCATENATE(J26,K26),'Sheet1 (2)'!$J$6:$K$26,2,FALSE) -> 56.25 | M26: x | N26: x | O26: =VLOOKUP(CONCATENATE(M26,N26),'Sheet1 (2)'!$L$6:$M$26,2,FALSE) -> 0 | P26: x | Q26: x | R26: =VLOOKUP(CONCATENATE(P26,Q26),'Sheet1 (2)'!$N$6:$O$26,2,FALSE) -> 0 | S26: b | T26: a | U26: =VLOOKUP(CONCATENATE(S26,T26),'Sheet1 (2)'!$P$6:$Q$26,2,FALSE) -> 5 | V26: x | W26: x | X26: =VLOOKUP(CONCATENATE(V26,W26),'Sheet1 (2)'!$R$6:$S$26,2,FALSE) -> 0 | Y26: x | Z26: x | AA26: =VLOOKUP(CONCATENATE(Y26,Z26),'Sheet1 (2)'!$T$6:$U$26,2,FALSE) -> 0 | AB26: x | AC26: x | AD26: =VLOOKUP(CONCATENATE(AB26,AC26),'Sheet1 (2)'!$X$6:$Y$26,2,FALSE) -> 0 | AE26: b | AF26: e | AG26: =VLOOKUP(CONCATENATE(AE26,AF26),'Sheet1 (2)'!$Z$6:$AA$26,2,FALSE) -> 66 | AK26: N-5 | AL26: NB | AM26: =C26 -> 166 | AO26: Bridge | AQ26: 2.9487733 | AS26: =LOOKUP(rufmkm,'Sheet1 (2)'!$V$62:$V$71,'Sheet1 (2)'!$W$62:$W$71) -> 30 | AU26: =IF(IF(D26='Sheet1 (2)'!$C$69,'Sheet1 (2)'!$D$69*('Sheet1 (2)'!$D$72-rut_index)/'Sheet1 (2)'!$D$72,IF(shee2!D26='Sheet1 (2)'!$C$70,'Sheet1 (2)'!$D$70*('Sheet1 (2)'!$D$72-rut_index)/'Sheet1 (2)'!$D$72,IF(shee2!D26='Sheet1 (2)'!$C$71,'Sheet1 (2)'!$D$71*('Sheet1 (2)'!$D$72-rut_index)/'Sheet1 (2)'!$D$72)))<0,0,IF(D26='Sheet1 (2)'!$C$69,'Sheet1 (2)'!$D$69*('Sheet1 (2)'!$D$72-rut_index)/'Sheet1 (2)'!$D$72,IF(shee2!D26='Sheet1 (2)'!$C$70,'Sheet1 (2)'!$D$70*('Sheet1 (2)'!$D$72-rut_index)/'Sheet1 (2)'!$D$72,IF(shee2!D26='Sheet1 (2)'!$C$71,'Sheet1 (2)'!$D$71*('Sheet1 (2)'!$D$72-rut_index)/'Sheet1 (2)'!$D$72)))) -> 0.3125 | AV26: =IF(IF(D26='Sheet1 (2)'!$C$69,'Sheet1 (2)'!$D$69*('Sheet1 (2)'!$D$72-crack_s_index)/'Sheet1 (2)'!$D$72,IF(shee2!D26='Sheet1 (2)'!$C$70,'Sheet1 (2)'!$D$70*('Sheet1 (2)'!$D$72-crack_s_index)/'Sheet1 (2)'!$D$72,IF(shee2!D26='Sheet1 (2)'!$C$71,'Sheet1 (2)'!$D$71*('Sheet1 (2)'!$D$72-crack_s_index)/'Sheet1 (2)'!$D$72)))<0,0,IF(D26='Sheet1 (2)'!$C$69,'Sheet1 (2)'!$D$69*('Sheet1 (2)'!$D$72-crack_s_index)/'Sheet1 (2)'!$D$72,IF(shee2!D26='Sheet1 (2)'!$C$70,'Sheet1 (2)'!$D$70*('Sheet1 (2)'!$D$72-crack_s_index)/'Sheet1 (2)'!$D$72,IF(shee2!D26='Sheet1 (2)'!$C$71,'Sheet1 (2)'!$D$71*('Sheet1 (2)'!$D$72-crack_s_index)/'Sheet1 (2)'!$D$72)))) -> 5 | AW26: =IF(IF(D26='Sheet1 (2)'!$C$69,'Sheet1 (2)'!$D$69*('Sheet1 (2)'!$D$72-crack_t_index)/'Sheet1 (2)'!$D$72,IF(shee2!D26='Sheet1 (2)'!$C$70,'Sheet1 (2)'!$D$70*('Sheet1 (2)'!$D$72-crack_t_index)/'Sheet1 (2)'!$D$72,IF(shee2!D26='Sheet1 (2)'!$C$71,'Sheet1 (2)'!$D$71*('Sheet1 (2)'!$D$72-crack_t_index)/'Sheet1 (2)'!$D$72)))<0,0,IF(D26='Sheet1 (2)'!$C$69,'Sheet1 (2)'!$D$69*('Sheet1 (2)'!$D$72-crack_t_index)/'Sheet1 (2)'!$D$72,IF(shee2!D26='Sheet1 (2)'!$C$70,'Sheet1 (2)'!$D$70*('Sheet1 (2)'!$D$72-crack_t_index)/'Sheet1 (2)'!$D$72,IF(shee2!D26='Sheet1 (2)'!$C$71,'Sheet1 (2)'!$D$71*('Sheet1 (2)'!$D$72-crack_t_index)/'Sheet1 (2)'!$D$72)))) -> 5 | AX26: =IF(IF(D26='Sheet1 (2)'!$C$69,'Sheet1 (2)'!$D$69*('Sheet1 (2)'!$D$72-rave_index)/'Sheet1 (2)'!$D$72,IF(shee2!D26='Sheet1 (2)'!$C$70,'Sheet1 (2)'!$D$70*('Sheet1 (2)'!$D$72-rave_index)/'Sheet1 (2)'!$D$72,IF(shee2!D26='Sheet1 (2)'!$C$71,'Sheet1 (2)'!$D$71*('Sheet1 (2)'!$D$72-rave_index)/'Sheet1 (2)'!$D$72)))<0,0,IF(D26='Sheet1 (2)'!$C$69,'Sheet1 (2)'!$D$69*('Sheet1 (2)'!$D$72-rave_index)/'Sheet1 (2)'!$D$72,IF(shee2!D26='Sheet1 (2)'!$C$70,'Sheet1 (2)'!$D$70*('Sheet1 (2)'!$D$72-rave_index)/'Sheet1 (2)'!$D$72,IF(shee2!D26='Sheet1 (2)'!$C$71,'Sheet1 (2)'!$D$71*('Sheet1 (2)'!$D$72-rave_index)/'Sheet1 (2)'!$D$72)))) -> 5 | AY26: =IF(IF(D26='Sheet1 (2)'!$C$69,'Sheet1 (2)'!$D$69*('Sheet1 (2)'!$D$72-rough_index)/'Sheet1 (2)'!$D$72,IF(shee2!D26='Sheet1 (2)'!$C$70,'Sheet1 (2)'!$D$70*('Sheet1 (2)'!$D$72-rough_index)/'Sheet1 (2)'!$D$72,IF(shee2!D26='Sheet1 (2)'!$C$71,'Sheet1 (2)'!$D$71*('Sheet1 (2)'!$D$72-rough_index)/'Sheet1 (2)'!$D$72)))<0,0,IF(D26='Sheet1 (2)'!$C$69,'Sheet1 (2)'!$D$69*('Sheet1 (2)'!$D$72-rough_index)/'Sheet1 (2)'!$D$72,IF(shee2!D26='Sheet1 (2)'!$C$70,'Sheet1 (2)'!$D$70*('Sheet1 (2)'!$D$72-rough_index)/'Sheet1 (2)'!$D$72,IF(shee2!D26='Sheet1 (2)'!$C$71,'Sheet1 (2)'!$D$71*('Sheet1 (2)'!$D$72-rough_index)/'Sheet1 (2)'!$D$72)))) -> 2.5 | AZ26: =+(AU26*'Sheet1 (2)'!$C$77)+(AV26*'Sheet1 (2)'!$C$78)+(AW26*'Sheet1 (2)'!$C$79)+(AX26*'Sheet1 (2)'!$C$80)+(AY26*'Sheet1 (2)'!$C$81) -> 3.3125 | BA26: =IF(AZ26="",$AH26,IF(AZ26>=4,"Good",IF(AZ26>=2.5,"Fair",IF(AZ26>=1,"Poor",IF(AZ26>=0,"Very Poor",""))))) -> Fair | BE26: =IF(D26='Sheet1 (2)'!$C$61,'Sheet1 (2)'!$D$61*(counts^2)+'Sheet1 (2)'!$G$61*counts+'Sheet1 (2)'!$J$61,IF(D26='Sheet1 (2)'!$C$62,'Sheet1 (2)'!$D$62*counts+'Sheet1 (2)'!$G$62,IF(D26='Sheet1 (2)'!$C$63,'Sheet1 (2)'!$D$63*counts+'Sheet1 (2)'!$G$63,IF(D26='Sheet1 (2)'!$C$64,'Sheet1 (2)'!$D$64*counts+'Sheet1 (2)'!$G$64)))) -> 2.0984129
A27: N-5 | B27: NB | C27: 167 | D27: A | E27: 8 | F27: 1 | G27: A | H27: 0.5 | I27: A | J27: c | K27: d | L27: =VLOOKUP(CONCATENATE(J27,K27),'Sheet1 (2)'!$J$6:$K$26,2,FALSE) -> 56.25 | M27: x | N27: x | O27: =VLOOKUP(CONCATENATE(M27,N27),'Sheet1 (2)'!$L$6:$M$26,2,FALSE) -> 0 | P27: x | Q27: x | R27: =VLOOKUP(CONCATENATE(P27,Q27),'Sheet1 (2)'!$N$6:$O$26,2,FALSE) -> 0 | S27: x | T27: x | U27: =VLOOKUP(CONCATENATE(S27,T27),'Sheet1 (2)'!$P$6:$Q$26,2,FALSE) -> 0 | V27: x | W27: x | X27: =VLOOKUP(CONCATENATE(V27,W27),'Sheet1 (2)'!$R$6:$S$26,2,FALSE) -> 0 | Y27: x | Z27: x | AA27: =VLOOKUP(CONCATENATE(Y27,Z27),'Sheet1 (2)'!$T$6:$U$26,2,FALSE) -> 0 | AB27: x | AC27: x | AD27: =VLOOKUP(CONCATENATE(AB27,AC27),'Sheet1 (2)'!$X$6:$Y$26,2,FALSE) -> 0 | AE27: b | AF27: e | AG27: =VLOOKUP(CONCATENATE(AE27,AF27),'Sheet1 (2)'!$Z$6:$AA$26,2,FALSE) -> 66 | AK27: N-5 | AL27: NB | AM27: =C27 -> 167 | AQ27: 2.4711392 | AS27: =LOOKUP(rufmkm,'Sheet1 (2)'!$V$62:$V$71,'Sheet1 (2)'!$W$62:$W$71) -> 30 | AU27: =IF(IF(D27='Sheet1 (2)'!$C$69,'Sheet1 (2)'!$D$69*('Sheet1 (2)'!$D$72-rut_index)/'Sheet1 (2)'!$D$72,IF(shee2!D27='Sheet1 (2)'!$C$70,'Sheet1 (2)'!$D$70*('Sheet1 (2)'!$D$72-rut_index)/'Sheet1 (2)'!$D$72,IF(shee2!D27='Sheet1 (2)'!$C$71,'Sheet1 (2)'!$D$71*('Sheet1 (2)'!$D$72-rut_index)/'Sheet1 (2)'!$D$72)))<0,0,IF(D27='Sheet1 (2)'!$C$69,'Sheet1 (2)'!$D$69*('Sheet1 (2)'!$D$72-rut_index)/'Sheet1 (2)'!$D$72,IF(shee2!D27='Sheet1 (2)'!$C$70,'Sheet1 (2)'!$D$70*('Sheet1 (2)'!$D$72-rut_index)/'Sheet1 (2)'!$D$72,IF(shee2!D27='Sheet1 (2)'!$C$71,'Sheet1 (2)'!$D$71*('Sheet1 (2)'!$D$72-rut_index)/'Sheet1 (2)'!$D$72)))) -> 0.3125 | AV27: =IF(IF(D27='Sheet1 (2)'!$C$69,'Sheet1 (2)'!$D$69*('Sheet1 (2)'!$D$72-crack_s_index)/'Sheet1 (2)'!$D$72,IF(shee2!D27='Sheet1 (2)'!$C$70,'Sheet1 (2)'!$D$70*('Sheet1 (2)'!$D$72-crack_s_index)/'Sheet1 (2)'!$D$72,IF(shee2!D27='Sheet1 (2)'!$C$71,'Sheet1 (2)'!$D$71*('Sheet1 (2)'!$D$72-crack_s_index)/'Sheet1 (2)'!$D$72)))<0,0,IF(D27='Sheet1 (2)'!$C$69,'Sheet1 (2)'!$D$69*('Sheet1 (2)'!$D$72-crack_s_index)/'Sheet1 (2)'!$D$72,IF(shee2!D27='Sheet1 (2)'!$C$70,'Sheet1 (2)'!$D$70*('Sheet1 (2)'!$D$72-crack_s_index)/'Sheet1 (2)'!$D$72,IF(shee2!D27='Sheet1 (2)'!$C$71,'Sheet1 (2)'!$D$71*('Sheet1 (2)'!$D$72-crack_s_index)/'Sheet1 (2)'!$D$72)))) -> 5 | AW27: =IF(IF(D27='Sheet1 (2)'!$C$69,'Sheet1 (2)'!$D$69*('Sheet1 (2)'!$D$72-crack_t_index)/'Sheet1 (2)'!$D$72,IF(shee2!D27='Sheet1 (2)'!$C$70,'Sheet1 (2)'!$D$70*('Sheet1 (2)'!$D$72-crack_t_index)/'Sheet1 (2)'!$D$72,IF(shee2!D27='Sheet1 (2)'!$C$71,'Sheet1 (2)'!$D$71*('Sheet1 (2)'!$D$72-crack_t_index)/'Sheet1 (2)'!$D$72)))<0,0,IF(D27='Sheet1 (2)'!$C$69,'Sheet1 (2)'!$D$69*('Sheet1 (2)'!$D$72-crack_t_index)/'Sheet1 (2)'!$D$72,IF(shee2!D27='Sheet1 (2)'!$C$70,'Sheet1 (2)'!$D$70*('Sheet1 (2)'!$D$72-crack_t_index)/'Sheet1 (2)'!$D$72,IF(shee2!D27='Sheet1 (2)'!$C$71,'Sheet1 (2)'!$D$71*('Sheet1 (2)'!$D$72-crack_t_index)/'Sheet1 (2)'!$D$72)))) -> 5 | AX27: =IF(IF(D27='Sheet1 (2)'!$C$69,'Sheet1 (2)'!$D$69*('Sheet1 (2)'!$D$72-rave_index)/'Sheet1 (2)'!$D$72,IF(shee2!D27='Sheet1 (2)'!$C$70,'Sheet1 (2)'!$D$70*('Sheet1 (2)'!$D$72-rave_index)/'Sheet1 (2)'!$D$72,IF(shee2!D27='Sheet1 (2)'!$C$71,'Sheet1 (2)'!$D$71*('Sheet1 (2)'!$D$72-rave_index)/'Sheet1 (2)'!$D$72)))<0,0,IF(D27='Sheet1 (2)'!$C$69,'Sheet1 (2)'!$D$69*('Sheet1 (2)'!$D$72-rave_index)/'Sheet1 (2)'!$D$72,IF(shee2!D27='Sheet1 (2)'!$C$70,'Sheet1 (2)'!$D$70*('Sheet1 (2)'!$D$72-rave_index)/'Sheet1 (2)'!$D$72,IF(shee2!D27='Sheet1 (2)'!$C$71,'Sheet1 (2)'!$D$71*('Sheet1 (2)'!$D$72-rave_index)/'Sheet1 (2)'!$D$72)))) -> 5 | AY27: =IF(IF(D27='Sheet1 (2)'!$C$69,'Sheet1 (2)'!$D$69*('Sheet1 (2)'!$D$72-rough_index)/'Sheet1 (2)'!$D$72,IF(shee2!D27='Sheet1 (2)'!$C$70,'Sheet1 (2)'!$D$70*('Sheet1 (2)'!$D$72-rough_index)/'Sheet1 (2)'!$D$72,IF(shee2!D27='Sheet1 (2)'!$C$71,'Sheet1 (2)'!$D$71*('Sheet1 (2)'!$D$72-rough_index)/'Sheet1 (2)'!$D$72)))<0,0,IF(D27='Sheet1 (2)'!$C$69,'Sheet1 (2)'!$D$69*('Sheet1 (2)'!$D$72-rough_index)/'Sheet1 (2)'!$D$72,IF(shee2!D27='Sheet1 (2)'!$C$70,'Sheet1 (2)'!$D$70*('Sheet1 (2)'!$D$72-rough_index)/'Sheet1 (2)'!$D$72,IF(shee2!D27='Sheet1 (2)'!$C$71,'Sheet1 (2)'!$D$71*('Sheet1 (2)'!$D$72-rough_index)/'Sheet1 (2)'!$D$72)))) -> 2.5 | AZ27: =+(AU27*'Sheet1 (2)'!$C$77)+(AV27*'Sheet1 (2)'!$C$78)+(AW27*'Sheet1 (2)'!$C$79)+(AX27*'Sheet1 (2)'!$C$80)+(AY27*'Sheet1 (2)'!$C$81) -> 3.3125 | BA27: =IF(AZ27="",$AH27,IF(AZ27>=4,"Good",IF(AZ27>=2.5,"Fair",IF(AZ27>=1,"Poor",IF(AZ27>=0,"Very Poor",""))))) -> Fair | BE27: =IF(D27='Sheet1 (2)'!$C$61,'Sheet1 (2)'!$D$61*(counts^2)+'Sheet1 (2)'!$G$61*counts+'Sheet1 (2)'!$J$61,IF(D27='Sheet1 (2)'!$C$62,'Sheet1 (2)'!$D$62*counts+'Sheet1 (2)'!$G$62,IF(D27='Sheet1 (2)'!$C$63,'Sheet1 (2)'!$D$63*counts+'Sheet1 (2)'!$G$63,IF(D27='Sheet1 (2)'!$C$64,'Sheet1 (2)'!$D$64*counts+'Sheet1 (2)'!$G$64)))) -> 2.0984129
A28: N-5 | B28: NB | C28: 168 | D28: A | E28: 8 | F28: 1 | G28: A | H28: 0.5 | I28: A | J28: b | K28: d | L28: =VLOOKUP(CONCATENATE(J28,K28),'Sheet1 (2)'!$J$6:$K$26,2,FALSE) -> 37.5 | M28: c | N28: a | O28: =VLOOKUP(CONCATENATE(M28,N28),'Sheet1 (2)'!$L$6:$M$26,2,FALSE) -> 7.5 | P28: x | Q28: x | R28: =VLOOKUP(CONCATENATE(P28,Q28),'Sheet1 (2)'!$N$6:$O$26,2,FALSE) -> 0 | S28: x | T28: x | U28: =VLOOKUP(CONCATENATE(S28,T28),'Sheet1 (2)'!$P$6:$Q$26,2,FALSE) -> 0 | V28: x | W28: x | X28: =VLOOKUP(CONCATENATE(V28,W28),'Sheet1 (2)'!$R$6:$S$26,2,FALSE) -> 0 | Y28: x | Z28: x | AA28: =VLOOKUP(CONCATENATE(Y28,Z28),'Sheet1 (2)'!$T$6:$U$26,2,FALSE) -> 0 | AB28: x | AC28: x | AD28: =VLOOKUP(CONCATENATE(AB28,AC28),'Sheet1 (2)'!$X$6:$Y$26,2,FALSE) -> 0 | AE28: b | AF28: e | AG28: =VLOOKUP(CONCATENATE(AE28,AF28),'Sheet1 (2)'!$Z$6:$AA$26,2,FALSE) -> 66 | AK28: N-5 | AL28: NB | AM28: =C28 -> 168 | AQ28: 2.8450596 | AS28: =LOOKUP(rufmkm,'Sheet1 (2)'!$V$62:$V$71,'Sheet1 (2)'!$W$62:$W$71) -> 30 | AU28: =IF(IF(D28='Sheet1 (2)'!$C$69,'Sheet1 (2)'!$D$69*('Sheet1 (2)'!$D$72-rut_index)/'Sheet1 (2)'!$D$72,IF(shee2!D28='Sheet1 (2)'!$C$70,'Sheet1 (2)'!$D$70*('Sheet1 (2)'!$D$72-rut_index)/'Sheet1 (2)'!$D$72,IF(shee2!D28='Sheet1 (2)'!$C$71,'Sheet1 (2)'!$D$71*('Sheet1 (2)'!$D$72-rut_index)/'Sheet1 (2)'!$D$72)))<0,0,IF(D28='Sheet1 (2)'!$C$69,'Sheet1 (2)'!$D$69*('Sheet1 (2)'!$D$72-rut_index)/'Sheet1 (2)'!$D$72,IF(shee2!D28='Sheet1 (2)'!$C$70,'Sheet1 (2)'!$D$70*('Sheet1 (2)'!$D$72-rut_index)/'Sheet1 (2)'!$D$72,IF(shee2!D28='Sheet1 (2)'!$C$71,'Sheet1 (2)'!$D$71*('Sheet1 (2)'!$D$72-rut_index)/'Sheet1 (2)'!$D$72)))) -> 1.875 | AV28: =IF(IF(D28='Sheet1 (2)'!$C$69,'Sheet1 (2)'!$D$69*('Sheet1 (2)'!$D$72-crack_s_index)/'Sheet1 (2)'!$D$72,IF(shee2!D28='Sheet1 (2)'!$C$70,'Sheet1 (2)'!$D$70*('Sheet1 (2)'!$D$72-crack_s_index)/'Sheet1 (2)'!$D$72,IF(shee2!D28='Sheet1 (2)'!$C$71,'Sheet1 (2)'!$D$71*('Sheet1 (2)'!$D$72-crack_s_index)/'Sheet1 (2)'!$D$72)))<0,0,IF(D28='Sheet1 (2)'!$C$69,'Sheet1 (2)'!$D$69*('Sheet1 (2)'!$D$72-crack_s_index)/'Sheet1 (2)'!$D$72,IF(shee2!D28='Sheet1 (2)'!$C$70,'Sheet1 (2)'!$D$70*('Sheet1 (2)'!$D$72-crack_s_index)/'Sheet1 (2)'!$D$72,IF(shee2!D28='Sheet1 (2)'!$C$71,'Sheet1 (2)'!$D$71*('Sheet1 (2)'!$D$72-crack_s_index)/'Sheet1 (2)'!$D$72)))) -> 4.375 | AW28: =IF(IF(D28='Sheet1 (2)'!$C$69,'Sheet1 (2)'!$D$69*('Sheet1 (2)'!$D$72-crack_t_index)/'Sheet1 (2)'!$D$72,IF(shee2!D28='Sheet1 (2)'!$C$70,'Sheet1 (2)'!$D$70*('Sheet1 (2)'!$D$72-crack_t_index)/'Sheet1 (2)'!$D$72,IF(shee2!D28='Sheet1 (2)'!$C$71,'Sheet1 (2)'!$D$71*('Sheet1 (2)'!$D$72-crack_t_index)/'Sheet1 (2)'!$D$72)))<0,0,IF(D28='Sheet1 (2)'!$C$69,'Sheet1 (2)'!$D$69*('Sheet1 (2)'!$D$72-crack_t_index)/'Sheet1 (2)'!$D$72,IF(shee2!D28='Sheet1 (2)'!$C$70,'Sheet1 (2)'!$D$70*('Sheet1 (2)'!$D$72-crack_t_index)/'Sheet1 (2)'!$D$72,IF(shee2!D28='Sheet1 (2)'!$C$71,'Sheet1 (2)'!$D$71*('Sheet1 (2)'!$D$72-crack_t_index)/'Sheet1 (2)'!$D$72)))) -> 5 | AX28: =IF(IF(D28='Sheet1 (2)'!$C$69,'Sheet1 (2)'!$D$69*('Sheet1 (2)'!$D$72-rave_index)/'Sheet1 (2)'!$D$72,IF(shee2!D28='Sheet1 (2)'!$C$70,'Sheet1 (2)'!$D$70*('Sheet1 (2)'!$D$72-rave_index)/'Sheet1 (2)'!$D$72,IF(shee2!D28='Sheet1 (2)'!$C$71,'Sheet1 (2)'!$D$71*('Sheet1 (2)'!$D$72-rave_index)/'Sheet1 (2)'!$D$72)))<0,0,IF(D28='Sheet1 (2)'!$C$69,'Sheet1 (2)'!$D$69*('Sheet1 (2)'!$D$72-rave_index)/'Sheet1 (2)'!$D$72,IF(shee2!D28='Sheet1 (2)'!$C$70,'Sheet1 (2)'!$D$70*('Sheet1 (2)'!$D$72-rave_index)/'Sheet1 (2)'!$D$72,IF(shee2!D28='Sheet1 (2)'!$C$71,'Sheet1 (2)'!$D$71*('Sheet1 (2)'!$D$72-rave_index)/'Sheet1 (2)'!$D$72)))) -> 5 | AY28: =IF(IF(D28='Sheet1 (2)'!$C$69,'Sheet1 (2)'!$D$69*('Sheet1 (2)'!$D$72-rough_index)/'Sheet1 (2)'!$D$72,IF(shee2!D28='Sheet1 (2)'!$C$70,'Sheet1 (2)'!$D$70*('Sheet1 (2)'!$D$72-rough_index)/'Sheet1 (2)'!$D$72,IF(shee2!D28='Sheet1 (2)'!$C$71,'Sheet1 (2)'!$D$71*('Sheet1 (2)'!$D$72-rough_index)/'Sheet1 (2)'!$D$72)))<0,0,IF(D28='Sheet1 (2)'!$C$69,'Sheet1 (2)'!$D$69*('Sheet1 (2)'!$D$72-rough_index)/'Sheet1 (2)'!$D$72,IF(shee2!D28='Sheet1 (2)'!$C$70,'Sheet1 (2)'!$D$70*('Sheet1 (2)'!$D$72-rough_index)/'Sheet1 (2)'!$D$72,IF(shee2!D28='Sheet1 (2)'!$C$71,'Sheet1 (2)'!$D$71*('Sheet1 (2)'!$D$72-rough_index)/'Sheet1 (2)'!$D$72)))) -> 2.5 | AZ28: =+(AU28*'Sheet1 (2)'!$C$77)+(AV28*'Sheet1 (2)'!$C$78)+(AW28*'Sheet1 (2)'!$C$79)+(AX28*'Sheet1 (2)'!$C$80)+(AY28*'Sheet1 (2)'!$C$81) -> 3.4 | BA28: =IF(AZ28="",$AH28,IF(AZ28>=4,"Good",IF(AZ28>=2.5,"Fair",IF(AZ28>=1,"Poor",IF(AZ28>=0,"Very Poor",""))))) -> Fair | BE28: =IF(D28='Sheet1 (2)'!$C$61,'Sheet1 (2)'!$D$61*(counts^2)+'Sheet1 (2)'!$G$61*counts+'Sheet1 (2)'!$J$61,IF(D28='Sheet1 (2)'!$C$62,'Sheet1 (2)'!$D$62*counts+'Sheet1 (2)'!$G$62,IF(D28='Sheet1 (2)'!$C$63,'Sheet1 (2)'!$D$63*counts+'Sheet1 (2)'!$G$63,IF(D28='Sheet1 (2)'!$C$64,'Sheet1 (2)'!$D$64*counts+'Sheet1 (2)'!$G$64)))) -> 2.0984129
A29: N-5 | B29: NB | C29: 169 | D29: A | E29: 8 | F29: 1 | G29: A | H29: 0.5 | I29: A | J29: b | K29: d | L29: =VLOOKUP(CONCATENATE(J29,K29),'Sheet1 (2)'!$J$6:$K$26,2,FALSE) -> 37.5 | M29: x | N29: x | O29: =VLOOKUP(CONCATENATE(M29,N29),'Sheet1 (2)'!$L$6:$M$26,2,FALSE) -> 0 | P29: x | Q29: x | R29: =VLOOKUP(CONCATENATE(P29,Q29),'Sheet1 (2)'!$N$6:$O$26,2,FALSE) -> 0 | S29: x | T29: x | U29: =VLOOKUP(CONCATENATE(S29,T29),'Sheet1 (2)'!$P$6:$Q$26,2,FALSE) -> 0 | V29: x | W29: x | X29: =VLOOKUP(CONCATENATE(V29,W29),'Sheet1 (2)'!$R$6:$S$26,2,FALSE) -> 0 | Y29: x | Z29: x | AA29: =VLOOKUP(CONCATENATE(Y29,Z29),'Sheet1 (2)'!$T$6:$U$26,2,FALSE) -> 0 | AB29: x | AC29: x | AD29: =VLOOKUP(CONCATENATE(AB29,AC29),'Sheet1 (2)'!$X$6:$Y$26,2,FALSE) -> 0 | AE29: b | AF29: e | AG29: =VLOOKUP(CONCATENATE(AE29,AF29),'Sheet1 (2)'!$Z$6:$AA$26,2,FALSE) -> 66 | AK29: N-5 | AL29: NB | AM29: =C29 -> 169 | AQ29: 2.7781991 | AS29: =LOOKUP(rufmkm,'Sheet1 (2)'!$V$62:$V$71,'Sheet1 (2)'!$W$62:$W$71) -> 30 | AU29: =IF(IF(D29='Sheet1 (2)'!$C$69,'Sheet1 (2)'!$D$69*('Sheet1 (2)'!$D$72-rut_index)/'Sheet1 (2)'!$D$72,IF(shee2!D29='Sheet1 (2)'!$C$70,'Sheet1 (2)'!$D$70*('Sheet1 (2)'!$D$72-rut_index)/'Sheet1 (2)'!$D$72,IF(shee2!D29='Sheet1 (2)'!$C$71,'Sheet1 (2)'!$D$71*('Sheet1 (2)'!$D$72-rut_index)/'Sheet1 (2)'!$D$72)))<0,0,IF(D29='Sheet1 (2)'!$C$69,'Sheet1 (2)'!$D$69*('Sheet1 (2)'!$D$72-rut_index)/'Sheet1 (2)'!$D$72,IF(shee2!D29='Sheet1 (2)'!$C$70,'Sheet1 (2)'!$D$70*('Sheet1 (2)'!$D$72-rut_index)/'Sheet1 (2)'!$D$72,IF(shee2!D29='Sheet1 (2)'!$C$71,'Sheet1 (2)'!$D$71*('Sheet1 (2)'!$D$72-rut_index)/'Sheet1 (2)'!$D$72)))) -> 1.875 | AV29: =IF(IF(D29='Sheet1 (2)'!$C$69,'Sheet1 (2)'!$D$69*('Sheet1 (2)'!$D$72-crack_s_index)/'Sheet1 (2)'!$D$72,IF(shee2!D29='Sheet1 (2)'!$C$70,'Sheet1 (2)'!$D$70*('Sheet1 (2)'!$D$72-crack_s_index)/'Sheet1 (2)'!$D$72,IF(shee2!D29='Sheet1 (2)'!$C$71,'Sheet1 (2)'!$D$71*('Sheet1 (2)'!$D$72-crack_s_index)/'Sheet1 (2)'!$D$72)))<0,0,IF(D29='Sheet1 (2)'!$C$69,'Sheet1 (2)'!$D$69*('Sheet1 (2)'!$D$72-crack_s_index)/'Sheet1 (2)'!$D$72,IF(shee2!D29='Sheet1 (2)'!$C$70,'Sheet1 (2)'!$D$70*('Sheet1 (2)'!$D$72-crack_s_index)/'Sheet1 (2)'!$D$72,IF(shee2!D29='Sheet1 (2)'!$C$71,'Sheet1 (2)'!$D$71*('Sheet1 (2)'!$D$72-crack_s_index)/'Sheet1 (2)'!$D$72)))) -> 5 | AW29: =IF(IF(D29='Sheet1 (2)'!$C$69,'Sheet1 (2)'!$D$69*('Sheet1 (2)'!$D$72-crack_t_index)/'Sheet1 (2)'!$D$72,IF(shee2!D29='Sheet1 (2)'!$C$70,'Sheet1 (2)'!$D$70*('Sheet1 (2)'!$D$72-crack_t_index)/'Sheet1 (2)'!$D$72,IF(shee2!D29='Sheet1 (2)'!$C$71,'Sheet1 (2)'!$D$71*('Sheet1 (2)'!$D$72-crack_t_index)/'Sheet1 (2)'!$D$72)))<0,0,IF(D29='Sheet1 (2)'!$C$69,'Sheet1 (2)'!$D$69*('Sheet1 (2)'!$D$72-crack_t_index)/'Sheet1 (2)'!$D$72,IF(shee2!D29='Sheet1 (2)'!$C$70,'Sheet1 (2)'!$D$70*('Sheet1 (2)'!$D$72-crack_t_index)/'Sheet1 (2)'!$D$72,IF(shee2!D29='Sheet1 (2)'!$C$71,'Sheet1 (2)'!$D$71*('Sheet1 (2)'!$D$72-crack_t_index)/'Sheet1 (2)'!$D$72)))) -> 5 | AX29: =IF(IF(D29='Sheet1 (2)'!$C$69,'Sheet1 (2)'!$D$69*('Sheet1 (2)'!$D$72-rave_index)/'Sheet1 (2)'!$D$72,IF(shee2!D29='Sheet1 (2)'!$C$70,'Sheet1 (2)'!$D$70*('Sheet1 (2)'!$D$72-rave_index)/'Sheet1 (2)'!$D$72,IF(shee2!D29='Sheet1 (2)'!$C$71,'Sheet1 (2)'!$D$71*('Sheet1 (2)'!$D$72-rave_index)/'Sheet1 (2)'!$D$72)))<0,0,IF(D29='Sheet1 (2)'!$C$69,'Sheet1 (2)'!$D$69*('Sheet1 (2)'!$D$72-rave_index)/'Sheet1 (2)'!$D$72,IF(shee2!D29='Sheet1 (2)'!$C$70,'Sheet1 (2)'!$D$70*('Sheet1 (2)'!$D$72-rave_index)/'Sheet1 (2)'!$D$72,IF(shee2!D29='Sheet1 (2)'!$C$71,'Sheet1 (2)'!$D$71*('Sheet1 (2)'!$D$72-rave_index)/'Sheet1 (2)'!$D$72)))) -> 5 | AY29: =IF(IF(D29='Sheet1 (2)'!$C$69,'Sheet1 (2)'!$D$69*('Sheet1 (2)'!$D$72-rough_index)/'Sheet1 (2)'!$D$72,IF(shee2!D29='Sheet1 (2)'!$C$70,'Sheet1 (2)'!$D$70*('Sheet1 (2)'!$D$72-rough_index)/'Sheet1 (2)'!$D$72,IF(shee2!D29='Sheet1 (2)'!$C$71,'Sheet1 (2)'!$D$71*('Sheet1 (2)'!$D$72-rough_index)/'Sheet1 (2)'!$D$72)))<0,0,IF(D29='Sheet1 (2)'!$C$69,'Sheet1 (2)'!$D$69*('Sheet1 (2)'!$D$72-rough_index)/'Sheet1 (2)'!$D$72,IF(shee2!D29='Sheet1 (2)'!$C$70,'Sheet1 (2)'!$D$70*('Sheet1 (2)'!$D$72-rough_index)/'Sheet1 (2)'!$D$72,IF(shee2!D29='Sheet1 (2)'!$C$71,'Sheet1 (2)'!$D$71*('Sheet1 (2)'!$D$72-rough_index)/'Sheet1 (2)'!$D$72)))) -> 2.5 | AZ29: =+(AU29*'Sheet1 (2)'!$C$77)+(AV29*'Sheet1 (2)'!$C$78)+(AW29*'Sheet1 (2)'!$C$79)+(AX29*'Sheet1 (2)'!$C$80)+(AY29*'Sheet1 (2)'!$C$81) -> 3.625 | BA29: =IF(AZ29="",$AH29,IF(AZ29>=4,"Good",IF(AZ29>=2.5,"Fair",IF(AZ29>=1,"Poor",IF(AZ29>=0,"Very Poor",""))))) -> Fair | BE29: =IF(D29='Sheet1 (2)'!$C$61,'Sheet1 (2)'!$D$61*(counts^2)+'Sheet1 (2)'!$G$61*counts+'Sheet1 (2)'!$J$61,IF(D29='Sheet1 (2)'!$C$62,'Sheet1 (2)'!$D$62*counts+'Sheet1 (2)'!$G$62,IF(D29='Sheet1 (2)'!$C$63,'Sheet1 (2)'!$D$63*counts+'Sheet1 (2)'!$G$63,IF(D29='Sheet1 (2)'!$C$64,'Sheet1 (2)'!$D$64*counts+'Sheet1 (2)'!$G$64)))) -> 2.0984129
A30: N-5 | B30: NB | C30: 170 | D30: A | E30: 8 | F30: 1 | G30: A | H30: 0.5 | I30: A | J30: b | K30: d | L30: =VLOOKUP(CONCATENATE(J30,K30),'Sheet1 (2)'!$J$6:$K$26,2,FALSE) -> 37.5 | M30: c | N30: a | O30: =VLOOKUP(CONCATENATE(M30,N30),'Sheet1 (2)'!$L$6:$M$26,2,FALSE) -> 7.5 | P30: x | Q30: x | R30: =VLOOKUP(CONCATENATE(P30,Q30),'Sheet1 (2)'!$N$6:$O$26,2,FALSE) -> 0 | S30: x | T30: x | U30: =VLOOKUP(CONCATENATE(S30,T30),'Sheet1 (2)'!$P$6:$Q$26,2,FALSE) -> 0 | V30: b | W30: e | X30: =VLOOKUP(CONCATENATE(V30,W30),'Sheet1 (2)'!$R$6:$S$26,2,FALSE) -> 50 | Y30: x | Z30: x | AA30: =VLOOKUP(CONCATENATE(Y30,Z30),'Sheet1 (2)'!$T$6:$U$26,2,FALSE) -> 0 | AB30: x | AC30: x | AD30: =VLOOKUP(CONCATENATE(AB30,AC30),'Sheet1 (2)'!$X$6:$Y$26,2,FALSE) -> 0 | AE30: b | AF30: e | AG30: =VLOOKUP(CONCATENATE(AE30,AF30),'Sheet1 (2)'!$Z$6:$AA$26,2,FALSE) -> 66 | AK30: N-5 | AL30: NB | AM30: =C30 -> 170 | AQ30: 3.0107844 | AS30: =LOOKUP(rufmkm,'Sheet1 (2)'!$V$62:$V$71,'Sheet1 (2)'!$W$62:$W$71) -> 40 | AU30: =IF(IF(D30='Sheet1 (2)'!$C$69,'Sheet1 (2)'!$D$69*('Sheet1 (2)'!$D$72-rut_index)/'Sheet1 (2)'!$D$72,IF(shee2!D30='Sheet1 (2)'!$C$70,'Sheet1 (2)'!$D$70*('Sheet1 (2)'!$D$72-rut_index)/'Sheet1 (2)'!$D$72,IF(shee2!D30='Sheet1 (2)'!$C$71,'Sheet1 (2)'!$D$71*('Sheet1 (2)'!$D$72-rut_index)/'Sheet1 (2)'!$D$72)))<0,0,IF(D30='Sheet1 (2)'!$C$69,'Sheet1 (2)'!$D$69*('Sheet1 (2)'!$D$72-rut_index)/'Sheet1 (2)'!$D$72,IF(shee2!D30='Sheet1 (2)'!$C$70,'Sheet1 (2)'!$D$70*('Sheet1 (2)'!$D$72-rut_index)/'Sheet1 (2)'!$D$72,IF(shee2!D30='Sheet1 (2)'!$C$71,'Sheet1 (2)'!$D$71*('Sheet1 (2)'!$D$72-rut_index)/'Sheet1 (2)'!$D$72)))) -> 1.875 | AV30: =IF(IF(D30='Sheet1 (2)'!$C$69,'Sheet1 (2)'!$D$69*('Sheet1 (2)'!$D$72-crack_s_index)/'Sheet1 (2)'!$D$72,IF(shee2!D30='Sheet1 (2)'!$C$70,'Sheet1 (2)'!$D$70*('Sheet1 (2)'!$D$72-crack_s_index)/'Sheet1 (2)'!$D$72,IF(shee2!D30='Sheet1 (2)'!$C$71,'Sheet1 (2)'!$D$71*('Sheet1 (2)'!$D$72-crack_s_index)/'Sheet1 (2)'!$D$72)))<0,0,IF(D30='Sheet1 (2)'!$C$69,'Sheet1 (2)'!$D$69*('Sheet1 (2)'!$D$72-crack_s_index)/'Sheet1 (2)'!$D$72,IF(shee2!D30='Sheet1 (2)'!$C$70,'Sheet1 (2)'!$D$70*('Sheet1 (2)'!$D$72-crack_s_index)/'Sheet1 (2)'!$D$72,IF(shee2!D30='Sheet1 (2)'!$C$71,'Sheet1 (2)'!$D$71*('Sheet1 (2)'!$D$72-crack_s_index)/'Sheet1 (2)'!$D$72)))) -> 4.375 | AW30: =IF(IF(D30='Sheet1 (2)'!$C$69,'Sheet1 (2)'!$D$69*('Sheet1 (2)'!$D$72-crack_t_index)/'Sheet1 (2)'!$D$72,IF(shee2!D30='Sheet1 (2)'!$C$70,'Sheet1 (2)'!$D$70*('Sheet1 (2)'!$D$72-crack_t_index)/'Sheet1 (2)'!$D$72,IF(shee2!D30='Sheet1 (2)'!$C$71,'Sheet1 (2)'!$D$71*('Sheet1 (2)'!$D$72-crack_t_index)/'Sheet1 (2)'!$D$72)))<0,0,IF(D30='Sheet1 (2)'!$C$69,'Sheet1 (2)'!$D$69*('Sheet1 (2)'!$D$72-crack_t_index)/'Sheet1 (2)'!$D$72,IF(shee2!D30='Sheet1 (2)'!$C$70,'Sheet1 (2)'!$D$70*('Sheet1 (2)'!$D$72-crack_t_index)/'Sheet1 (2)'!$D$72,IF(shee2!D30='Sheet1 (2)'!$C$71,'Sheet1 (2)'!$D$71*('Sheet1 (2)'!$D$72-crack_t_index)/'Sheet1 (2)'!$D$72)))) -> 5 | AX30: =IF(IF(D30='Sheet1 (2)'!$C$69,'Sheet1 (2)'!$D$69*('Sheet1 (2)'!$D$72-rave_index)/'Sheet1 (2)'!$D$72,IF(shee2!D30='Sheet1 (2)'!$C$70,'Sheet1 (2)'!$D$70*('Sheet1 (2)'!$D$72-rave_index)/'Sheet1 (2)'!$D$72,IF(shee2!D30='Sheet1 (2)'!$C$71,'Sheet1 (2)'!$D$71*('Sheet1 (2)'!$D$72-rave_index)/'Sheet1 (2)'!$D$72)))<0,0,IF(D30='Sheet1 (2)'!$C$69,'Sheet1 (2)'!$D$69*('Sheet1 (2)'!$D$72-rave_index)/'Sheet1 (2)'!$D$72,IF(shee2!D30='Sheet1 (2)'!$C$70,'Sheet1 (2)'!$D$70*('Sheet1 (2)'!$D$72-rave_index)/'Sheet1 (2)'!$D$72,IF(shee2!D30='Sheet1 (2)'!$C$71,'Sheet1 (2)'!$D$71*('Sheet1 (2)'!$D$72-rave_index)/'Sheet1 (2)'!$D$72)))) -> 5 | AY30: =IF(IF(D30='Sheet1 (2)'!$C$69,'Sheet1 (2)'!$D$69*('Sheet1 (2)'!$D$72-rough_index)/'Sheet1 (2)'!$D$72,IF(shee2!D30='Sheet1 (2)'!$C$70,'Sheet1 (2)'!$D$70*('Sheet1 (2)'!$D$72-rough_index)/'Sheet1 (2)'!$D$72,IF(shee2!D30='Sheet1 (2)'!$C$71,'Sheet1 (2)'!$D$71*('Sheet1 (2)'!$D$72-rough_index)/'Sheet1 (2)'!$D$72)))<0,0,IF(D30='Sheet1 (2)'!$C$69,'Sheet1 (2)'!$D$69*('Sheet1 (2)'!$D$72-rough_index)/'Sheet1 (2)'!$D$72,IF(shee2!D30='Sheet1 (2)'!$C$70,'Sheet1 (2)'!$D$70*('Sheet1 (2)'!$D$72-rough_index)/'Sheet1 (2)'!$D$72,IF(shee2!D30='Sheet1 (2)'!$C$71,'Sheet1 (2)'!$D$71*('Sheet1 (2)'!$D$72-rough_index)/'Sheet1 (2)'!$D$72)))) -> 1.6666667 | AZ30: =+(AU30*'Sheet1 (2)'!$C$77)+(AV30*'Sheet1 (2)'!$C$78)+(AW30*'Sheet1 (2)'!$C$79)+(AX30*'Sheet1 (2)'!$C$80)+(AY30*'Sheet1 (2)'!$C$81) -> 3.15 | BA30: =IF(AZ30="",$AH30,IF(AZ30>=4,"Good",IF(AZ30>=2.5,"Fair",IF(AZ30>=1,"Poor",IF(AZ30>=0,"Very Poor",""))))) -> Fair | BE30: =IF(D30='Sheet1 (2)'!$C$61,'Sheet1 (2)'!$D$61*(counts^2)+'Sheet1 (2)'!$G$61*counts+'Sheet1 (2)'!$J$61,IF(D30='Sheet1 (2)'!$C$62,'Sheet1 (2)'!$D$62*counts+'Sheet1 (2)'!$G$62,IF(D30='Sheet1 (2)'!$C$63,'Sheet1 (2)'!$D$63*counts+'Sheet1 (2)'!$G$63,IF(D30='Sheet1 (2)'!$C$64,'Sheet1 (2)'!$D$64*counts+'Sheet1 (2)'!$G$64)))) -> 2.0984129
A31: N-5 | B31: NB | C31: 171 | D31: A | E31: 8 | F31: 1 | G31: A | H31: 0.5 | I31: A | J31: a | K31: d | L31: =VLOOKUP(CONCATENATE(J31,K31),'Sheet1 (2)'!$J$6:$K$26,2,FALSE) -> 18.75 | M31: x | N31: x | O31: =VLOOKUP(CONCATENATE(M31,N31),'Sheet1 (2)'!$L$6:$M$26,2,FALSE) -> 0 | P31: x | Q31: x | R31: =VLOOKUP(CONCATENATE(P31,Q31),'Sheet1 (2)'!$N$6:$O$26,2,FALSE) -> 0 | S31: x | T31: x | U31: =VLOOKUP(CONCATENATE(S31,T31),'Sheet1 (2)'!$P$6:$Q$26,2,FALSE) -> 0 | V31: a | W31: d | X31: =VLOOKUP(CONCATENATE(V31,W31),'Sheet1 (2)'!$R$6:$S$26,2,FALSE) -> 18.75 | Y31: x | Z31: x | AA31: =VLOOKUP(CONCATENATE(Y31,Z31),'Sheet1 (2)'!$T$6:$U$26,2,FALSE) -> 0 | AB31: x | AC31: x | AD31: =VLOOKUP(CONCATENATE(AB31,AC31),'Sheet1 (2)'!$X$6:$Y$26,2,FALSE) -> 0 | AE31: b | AF31: e | AG31: =VLOOKUP(CONCATENATE(AE31,AF31),'Sheet1 (2)'!$Z$6:$AA$26,2,FALSE) -> 66 | AK31: N-5 | AL31: NB | AM31: =C31 -> 171 | AQ31: 3.3117178 | AS31: =LOOKUP(rufmkm,'Sheet1 (2)'!$V$62:$V$71,'Sheet1 (2)'!$W$62:$W$71) -> 40 | AU31: =IF(IF(D31='Sheet1 (2)'!$C$69,'Sheet1 (2)'!$D$69*('Sheet1 (2)'!$D$72-rut_index)/'Sheet1 (2)'!$D$72,IF(shee2!D31='Sheet1 (2)'!$C$70,'Sheet1 (2)'!$D$70*('Sheet1 (2)'!$D$72-rut_index)/'Sheet1 (2)'!$D$72,IF(shee2!D31='Sheet1 (2)'!$C$71,'Sheet1 (2)'!$D$71*('Sheet1 (2)'!$D$72-rut_index)/'Sheet1 (2)'!$D$72)))<0,0,IF(D31='Sheet1 (2)'!$C$69,'Sheet1 (2)'!$D$69*('Sheet1 (2)'!$D$72-rut_index)/'Sheet1 (2)'!$D$72,IF(shee2!D31='Sheet1 (2)'!$C$70,'Sheet1 (2)'!$D$70*('Sheet1 (2)'!$D$72-rut_index)/'Sheet1 (2)'!$D$72,IF(shee2!D31='Sheet1 (2)'!$C$71,'Sheet1 (2)'!$D$71*('Sheet1 (2)'!$D$72-rut_index)/'Sheet1 (2)'!$D$72)))) -> 3.4375 | AV31: =IF(IF(D31='Sheet1 (2)'!$C$69,'Sheet1 (2)'!$D$69*('Sheet1 (2)'!$D$72-crack_s_index)/'Sheet1 (2)'!$D$72,IF(shee2!D31='Sheet1 (2)'!$C$70,'Sheet1 (2)'!$D$70*('Sheet1 (2)'!$D$72-crack_s_index)/'Sheet1 (2)'!$D$72,IF(shee2!D31='Sheet1 (2)'!$C$71,'Sheet1 (2)'!$D$71*('Sheet1 (2)'!$D$72-crack_s_index)/'Sheet1 (2)'!$D$72)))<0,0,IF(D31='Sheet1 (2)'!$C$69,'Sheet1 (2)'!$D$69*('Sheet1 (2)'!$D$72-crack_s_index)/'Sheet1 (2)'!$D$72,IF(shee2!D31='Sheet1 (2)'!$C$70,'Sheet1 (2)'!$D$70*('Sheet1 (2)'!$D$72-crack_s_index)/'Sheet1 (2)'!$D$72,IF(shee2!D31='Sheet1 (2)'!$C$71,'Sheet1 (2)'!$D$71*('Sheet1 (2)'!$D$72-crack_s_index)/'Sheet1 (2)'!$D$72)))) -> 5 | AW31: =IF(IF(D31='Sheet1 (2)'!$C$69,'Sheet1 (2)'!$D$69*('Sheet1 (2)'!$D$72-crack_t_index)/'Sheet1 (2)'!$D$72,IF(shee2!D31='Sheet1 (2)'!$C$70,'Sheet1 (2)'!$D$70*('Sheet1 (2)'!$D$72-crack_t_index)/'Sheet1 (2)'!$D$72,IF(shee2!D31='Sheet1 (2)'!$C$71,'Sheet1 (2)'!$D$71*('Sheet1 (2)'!$D$72-crack_t_index)/'Sheet1 (2)'!$D$72)))<0,0,IF(D31='Sheet1 (2)'!$C$69,'Sheet1 (2)'!$D$69*('Sheet1 (2)'!$D$72-crack_t_index)/'Sheet1 (2)'!$D$72,IF(shee2!D31='Sheet1 (2)'!$C$70,'Sheet1 (2)'!$D$70*('Sheet1 (2)'!$D$72-crack_t_index)/'Sheet1 (2)'!$D$72,IF(shee2!D31='Sheet1 (2)'!$C$71,'Sheet1 (2)'!$D$71*('Sheet1 (2)'!$D$72-crack_t_index)/'Sheet1 (2)'!$D$72)))) -> 5 | AX31: =IF(IF(D31='Sheet1 (2)'!$C$69,'Sheet1 (2)'!$D$69*('Sheet1 (2)'!$D$72-rave_index)/'Sheet1 (2)'!$D$72,IF(shee2!D31='Sheet1 (2)'!$C$70,'Sheet1 (2)'!$D$70*('Sheet1 (2)'!$D$72-rave_index)/'Sheet1 (2)'!$D$72,IF(shee2!D31='Sheet1 (2)'!$C$71,'Sheet1 (2)'!$D$71*('Sheet1 (2)'!$D$72-rave_index)/'Sheet1 (2)'!$D$72)))<0,0,IF(D31='Sheet1 (2)'!$C$69,'Sheet1 (2)'!$D$69*('Sheet1 (2)'!$D$72-rave_index)/'Sheet1 (2)'!$D$72,IF(shee2!D31='Sheet1 (2)'!$C$70,'Sheet1 (2)'!$D$70*('Sheet1 (2)'!$D$72-rave_index)/'Sheet1 (2)'!$D$72,IF(shee2!D31='Sheet1 (2)'!$C$71,'Sheet1 (2)'!$D$71*('Sheet1 (2)'!$D$72-rave_index)/'Sheet1 (2)'!$D$72)))) -> 5 | AY31: =IF(IF(D31='Sheet1 (2)'!$C$69,'Sheet1 (2)'!$D$69*('Sheet1 (2)'!$D$72-rough_index)/'Sheet1 (2)'!$D$72,IF(shee2!D31='Sheet1 (2)'!$C$70,'Sheet1 (2)'!$D$70*('Sheet1 (2)'!$D$72-rough_index)/'Sheet1 (2)'!$D$72,IF(shee2!D31='Sheet1 (2)'!$C$71,'Sheet1 (2)'!$D$71*('Sheet1 (2)'!$D$72-rough_index)/'Sheet1 (2)'!$D$72)))<0,0,IF(D31='Sheet1 (2)'!$C$69,'Sheet1 (2)'!$D$69*('Sheet1 (2)'!$D$72-rough_index)/'Sheet1 (2)'!$D$72,IF(shee2!D31='Sheet1 (2)'!$C$70,'Sheet1 (2)'!$D$70*('Sheet1 (2)'!$D$72-rough_index)/'Sheet1 (2)'!$D$72,IF(shee2!D31='Sheet1 (2)'!$C$71,'Sheet1 (2)'!$D$71*('Sheet1 (2)'!$D$72-rough_index)/'Sheet1 (2)'!$D$72)))) -> 1.6666667 | AZ31: =+(AU31*'Sheet1 (2)'!$C$77)+(AV31*'Sheet1 (2)'!$C$78)+(AW31*'Sheet1 (2)'!$C$79)+(AX31*'Sheet1 (2)'!$C$80)+(AY31*'Sheet1 (2)'!$C$81) -> 3.6875 | BA31: =IF(AZ31="",$AH31,IF(AZ31>=4,"Good",IF(AZ31>=2.5,"Fair",IF(AZ31>=1,"Poor",IF(AZ31>=0,"Very Poor",""))))) -> Fair | BE31: =IF(D31='Sheet1 (2)'!$C$61,'Sheet1 (2)'!$D$61*(counts^2)+'Sheet1 (2)'!$G$61*counts+'Sheet1 (2)'!$J$61,IF(D31='Sheet1 (2)'!$C$62,'Sheet1 (2)'!$D$62*counts+'Sheet1 (2)'!$G$62,IF(D31='Sheet1 (2)'!$C$63,'Sheet1 (2)'!$D$63*counts+'Sheet1 (2)'!$G$63,IF(D31='Sheet1 (2)'!$C$64,'Sheet1 (2)'!$D$64*counts+'Sheet1 (2)'!$G$64)))) -> 2.0984129
A32: N-5 | B32: NB | C32: 172 | D32: A | E32: 8 | F32: 1 | G32: A | H32: 0.5 | I32: A | J32: a | K32: d | L32: =VLOOKUP(CONCATENATE(J32,K32),'Sheet1 (2)'!$J$6:$K$26,2,FALSE) -> 18.75 | M32: x | N32: x | O32: =VLOOKUP(CONCATENATE(M32,N32),'Sheet1 (2)'!$L$6:$M$26,2,FALSE) -> 0 | P32: x | Q32: x | R32: =VLOOKUP(CONCATENATE(P32,Q32),'Sheet1 (2)'!$N$6:$O$26,2,FALSE) -> 0 | S32: x | T32: x | U32: =VLOOKUP(CONCATENATE(S32,T32),'Sheet1 (2)'!$P$6:$Q$26,2,FALSE) -> 0 | V32: x | W32: x | X32: =VLOOKUP(CONCATENATE(V32,W32),'Sheet1 (2)'!$R$6:$S$26,2,FALSE) -> 0 | Y32: x | Z32: x | AA32: =VLOOKUP(CONCATENATE(Y32,Z32),'Sheet1 (2)'!$T$6:$U$26,2,FALSE) -> 0 | AB32: x | AC32: x | AD32: =VLOOKUP(CONCATENATE(AB32,AC32),'Sheet1 (2)'!$X$6:$Y$26,2,FALSE) -> 0 | AE32: b | AF32: e | AG32: =VLOOKUP(CONCATENATE(AE32,AF32),'Sheet1 (2)'!$Z$6:$AA$26,2,FALSE) -> 66 | AK32: N-5 | AL32: NB | AM32: =C32 -> 172 | AQ32: 3.053945 | AS32: =LOOKUP(rufmkm,'Sheet1 (2)'!$V$62:$V$71,'Sheet1 (2)'!$W$62:$W$71) -> 40 | AU32: =IF(IF(D32='Sheet1 (2)'!$C$69,'Sheet1 (2)'!$D$69*('Sheet1 (2)'!$D$72-rut_index)/'Sheet1 (2)'!$D$72,IF(shee2!D32='Sheet1 (2)'!$C$70,'Sheet1 (2)'!$D$70*('Sheet1 (2)'!$D$72-rut_index)/'Sheet1 (2)'!$D$72,IF(shee2!D32='Sheet1 (2)'!$C$71,'Sheet1 (2)'!$D$71*('Sheet1 (2)'!$D$72-rut_index)/'Sheet1 (2)'!$D$72)))<0,0,IF(D32='Sheet1 (2)'!$C$69,'Sheet1 (2)'!$D$69*('Sheet1 (2)'!$D$72-rut_index)/'Sheet1 (2)'!$D$72,IF(shee2!D32='Sheet1 (2)'!$C$70,'Sheet1 (2)'!$D$70*('Sheet1 (2)'!$D$72-rut_index)/'Sheet1 (2)'!$D$72,IF(shee2!D32='Sheet1 (2)'!$C$71,'Sheet1 (2)'!$D$71*('Sheet1 (2)'!$D$72-rut_index)/'Sheet1 (2)'!$D$72)))) -> 3.4375 | AV32: =IF(IF(D32='Sheet1 (2)'!$C$69,'Sheet1 (2)'!$D$69*('Sheet1 (2)'!$D$72-crack_s_index)/'Sheet1 (2)'!$D$72,IF(shee2!D32='Sheet1 (2)'!$C$70,'Sheet1 (2)'!$D$70*('Sheet1 (2)'!$D$72-crack_s_index)/'Sheet1 (2)'!$D$72,IF(shee2!D32='Sheet1 (2)'!$C$71,'Sheet1 (2)'!$D$71*('Sheet1 (2)'!$D$72-crack_s_index)/'Sheet1 (2)'!$D$72)))<0,0,IF(D32='Sheet1 (2)'!$C$69,'Sheet1 (2)'!$D$69*('Sheet1 (2)'!$D$72-crack_s_index)/'Sheet1 (2)'!$D$72,IF(shee2!D32='Sheet1 (2)'!$C$70,'Sheet1 (2)'!$D$70*('Sheet1 (2)'!$D$72-crack_s_index)/'Sheet1 (2)'!$D$72,IF(shee2!D32='Sheet1 (2)'!$C$71,'Sheet1 (2)'!$D$71*('Sheet1 (2)'!$D$72-crack_s_index)/'Sheet1 (2)'!$D$72)))) -> 5 | AW32: =IF(IF(D32='Sheet1 (2)'!$C$69,'Sheet1 (2)'!$D$69*('Sheet1 (2)'!$D$72-crack_t_index)/'Sheet1 (2)'!$D$72,IF(shee2!D32='Sheet1 (2)'!$C$70,'Sheet1 (2)'!$D$70*('Sheet1 (2)'!$D$72-crack_t_index)/'Sheet1 (2)'!$D$72,IF(shee2!D32='Sheet1 (2)'!$C$71,'Sheet1 (2)'!$D$71*('Sheet1 (2)'!$D$72-crack_t_index)/'Sheet1 (2)'!$D$72)))<0,0,IF(D32='Sheet1 (2)'!$C$69,'Sheet1 (2)'!$D$69*('Sheet1 (2)'!$D$72-crack_t_index)/'Sheet1 (2)'!$D$72,IF(shee2!D32='Sheet1 (2)'!$C$70,'Sheet1 (2)'!$D$70*('Sheet1 (2)'!$D$72-crack_t_index)/'Sheet1 (2)'!$D$72,IF(shee2!D32='Sheet1 (2)'!$C$71,'Sheet1 (2)'!$D$71*('Sheet1 (2)'!$D$72-crack_t_index)/'Sheet1 (2)'!$D$72)))) -> 5 | AX32: =IF(IF(D32='Sheet1 (2)'!$C$69,'Sheet1 (2)'!$D$69*('Sheet1 (2)'!$D$72-rave_index)/'Sheet1 (2)'!$D$72,IF(shee2!D32='Sheet1 (2)'!$C$70,'Sheet1 (2)'!$D$70*('Sheet1 (2)'!$D$72-rave_index)/'Sheet1 (2)'!$D$72,IF(shee2!D32='Sheet1 (2)'!$C$71,'Sheet1 (2)'!$D$71*('Sheet1 (2)'!$D$72-rave_index)/'Sheet1 (2)'!$D$72)))<0,0,IF(D32='Sheet1 (2)'!$C$69,'Sheet1 (2)'!$D$69*('Sheet1 (2)'!$D$72-rave_index)/'Sheet1 (2)'!$D$72,IF(shee2!D32='Sheet1 (2)'!$C$70,'Sheet1 (2)'!$D$70*('Sheet1 (2)'!$D$72-rave_index)/'Sheet1 (2)'!$D$72,IF(shee2!D32='Sheet1 (2)'!$C$71,'Sheet1 (2)'!$D$71*('Sheet1 (2)'!$D$72-rave_index)/'Sheet1 (2)'!$D$72)))) -> 5 | AY32: =IF(IF(D32='Sheet1 (2)'!$C$69,'Sheet1 (2)'!$D$69*('Sheet1 (2)'!$D$72-rough_index)/'Sheet1 (2)'!$D$72,IF(shee2!D32='Sheet1 (2)'!$C$70,'Sheet1 (2)'!$D$70*('Sheet1 (2)'!$D$72-rough_index)/'Sheet1 (2)'!$D$72,IF(shee2!D32='Sheet1 (2)'!$C$71,'Sheet1 (2)'!$D$71*('Sheet1 (2)'!$D$72-rough_index)/'Sheet1 (2)'!$D$72)))<0,0,IF(D32='Sheet1 (2)'!$C$69,'Sheet1 (2)'!$D$69*('Sheet1 (2)'!$D$72-rough_index)/'Sheet1 (2)'!$D$72,IF(shee2!D32='Sheet1 (2)'!$C$70,'Sheet1 (2)'!$D$70*('Sheet1 (2)'!$D$72-rough_index)/'Sheet1 (2)'!$D$72,IF(shee2!D32='Sheet1 (2)'!$C$71,'Sheet1 (2)'!$D$71*('Sheet1 (2)'!$D$72-rough_index)/'Sheet1 (2)'!$D$72)))) -> 1.6666667 | AZ32: =+(AU32*'Sheet1 (2)'!$C$77)+(AV32*'Sheet1 (2)'!$C$78)+(AW32*'Sheet1 (2)'!$C$79)+(AX32*'Sheet1 (2)'!$C$80)+(AY32*'Sheet1 (2)'!$C$81) -> 3.6875 | BA32: =IF(AZ32="",$AH32,IF(AZ32>=4,"Good",IF(AZ32>=2.5,"Fair",IF(AZ32>=1,"Poor",IF(AZ32>=0,"Very Poor",""))))) -> Fair | BE32: =IF(D32='Sheet1 (2)'!$C$61,'Sheet1 (2)'!$D$61*(counts^2)+'Sheet1 (2)'!$G$61*counts+'Sheet1 (2)'!$J$61,IF(D32='Sheet1 (2)'!$C$62,'Sheet1 (2)'!$D$62*counts+'Sheet1 (2)'!$G$62,IF(D32='Sheet1 (2)'!$C$63,'Sheet1 (2)'!$D$63*counts+'Sheet1 (2)'!$G$63,IF(D32='Sheet1 (2)'!$C$64,'Sheet1 (2)'!$D$64*counts+'Sheet1 (2)'!$G$64)))) -> 2.0984129
A33: N-5 | B33: NB | C33: 173 | D33: A | E33: 8 | F33: 1 | G33: A | H33: 0.5 | I33: A | J33: b | K33: d | L33: =VLOOKUP(CONCATENATE(J33,K33),'Sheet1 (2)'!$J$6:$K$26,2,FALSE) -> 37.5 | M33: x | N33: x | O33: =VLOOKUP(CONCATENATE(M33,N33),'Sheet1 (2)'!$L$6:$M$26,2,FALSE) -> 0 | P33: x | Q33: x | R33: =VLOOKUP(CONCATENATE(P33,Q33),'Sheet1 (2)'!$N$6:$O$26,2,FALSE) -> 0 | S33: x | T33: x | U33: =VLOOKUP(CONCATENATE(S33,T33),'Sheet1 (2)'!$P$6:$Q$26,2,FALSE) -> 0 | V33: x | W33: x | X33: =VLOOKUP(CONCATENATE(V33,W33),'Sheet1 (2)'!$R$6:$S$26,2,FALSE) -> 0 | Y33: x | Z33: x | AA33: =VLOOKUP(CONCATENATE(Y33,Z33),'Sheet1 (2)'!$T$6:$U$26,2,FALSE) -> 0 | AB33: x | AC33: x | AD33: =VLOOKUP(CONCATENATE(AB33,AC33),'Sheet1 (2)'!$X$6:$Y$26,2,FALSE) -> 0 | AE33: b | AF33: e | AG33: =VLOOKUP(CONCATENATE(AE33,AF33),'Sheet1 (2)'!$Z$6:$AA$26,2,FALSE) -> 66 | AK33: N-5 | AL33: NB | AM33: =C33 -> 173 | AO33: 173 MP | AQ33: 2.9712032 | AS33: =LOOKUP(rufmkm,'Sheet1 (2)'!$V$62:$V$71,'Sheet1 (2)'!$W$62:$W$71) -> 30 | AU33: =IF(IF(D33='Sheet1 (2)'!$C$69,'Sheet1 (2)'!$D$69*('Sheet1 (2)'!$D$72-rut_index)/'Sheet1 (2)'!$D$72,IF(shee2!D33='Sheet1 (2)'!$C$70,'Sheet1 (2)'!$D$70*('Sheet1 (2)'!$D$72-rut_index)/'Sheet1 (2)'!$D$72,IF(shee2!D33='Sheet1 (2)'!$C$71,'Sheet1 (2)'!$D$71*('Sheet1 (2)'!$D$72-rut_index)/'Sheet1 (2)'!$D$72)))<0,0,IF(D33='Sheet1 (2)'!$C$69,'Sheet1 (2)'!$D$69*('Sheet1 (2)'!$D$72-rut_index)/'Sheet1 (2)'!$D$72,IF(shee2!D33='Sheet1 (2)'!$C$70,'Sheet1 (2)'!$D$70*('Sheet1 (2)'!$D$72-rut_index)/'Sheet1 (2)'!$D$72,IF(shee2!D33='Sheet1 (2)'!$C$71,'Sheet1 (2)'!$D$71*('Sheet1 (2)'!$D$72-rut_index)/'Sheet1 (2)'!$D$72)))) -> 1.875 | AV33: =IF(IF(D33='Sheet1 (2)'!$C$69,'Sheet1 (2)'!$D$69*('Sheet1 (2)'!$D$72-crack_s_index)/'Sheet1 (2)'!$D$72,IF(shee2!D33='Sheet1 (2)'!$C$70,'Sheet1 (2)'!$D$70*('Sheet1 (2)'!$D$72-crack_s_index)/'Sheet1 (2)'!$D$72,IF(shee2!D33='Sheet1 (2)'!$C$71,'Sheet1 (2)'!$D$71*('Sheet1 (2)'!$D$72-crack_s_index)/'Sheet1 (2)'!$D$72)))<0,0,IF(D33='Sheet1 (2)'!$C$69,'Sheet1 (2)'!$D$69*('Sheet1 (2)'!$D$72-crack_s_index)/'Sheet1 (2)'!$D$72,IF(shee2!D33='Sheet1 (2)'!$C$70,'Sheet1 (2)'!$D$70*('Sheet1 (2)'!$D$72-crack_s_index)/'Sheet1 (2)'!$D$72,IF(shee2!D33='Sheet1 (2)'!$C$71,'Sheet1 (2)'!$D$71*('Sheet1 (2)'!$D$72-crack_s_index)/'Sheet1 (2)'!$D$72)))) -> 5 | AW33: =IF(IF(D33='Sheet1 (2)'!$C$69,'Sheet1 (2)'!$D$69*('Sheet1 (2)'!$D$72-crack_t_index)/'Sheet1 (2)'!$D$72,IF(shee2!D33='Sheet1 (2)'!$C$70,'Sheet1 (2)'!$D$70*('Sheet1 (2)'!$D$72-crack_t_index)/'Sheet1 (2)'!$D$72,IF(shee2!D33='Sheet1 (2)'!$C$71,'Sheet1 (2)'!$D$71*('Sheet1 (2)'!$D$72-crack_t_index)/'Sheet1 (2)'!$D$72)))<0,0,IF(D33='Sheet1 (2)'!$C$69,'Sheet1 (2)'!$D$69*('Sheet1 (2)'!$D$72-crack_t_index)/'Sheet1 (2)'!$D$72,IF(shee2!D33='Sheet1 (2)'!$C$70,'Sheet1 (2)'!$D$70*('Sheet1 (2)'!$D$72-crack_t_index)/'Sheet1 (2)'!$D$72,IF(shee2!D33='Sheet1 (2)'!$C$71,'Sheet1 (2)'!$D$71*('Sheet1 (2)'!$D$72-crack_t_index)/'Sheet1 (2)'!$D$72)))) -> 5 | AX33: =IF(IF(D33='Sheet1 (2)'!$C$69,'Sheet1 (2)'!$D$69*('Sheet1 (2)'!$D$72-rave_index)/'Sheet1 (2)'!$D$72,IF(shee2!D33='Sheet1 (2)'!$C$70,'Sheet1 (2)'!$D$70*('Sheet1 (2)'!$D$72-rave_index)/'Sheet1 (2)'!$D$72,IF(shee2!D33='Sheet1 (2)'!$C$71,'Sheet1 (2)'!$D$71*('Sheet1 (2)'!$D$72-rave_index)/'Sheet1 (2)'!$D$72)))<0,0,IF(D33='Sheet1 (2)'!$C$69,'Sheet1 (2)'!$D$69*('Sheet1 (2)'!$D$72-rave_index)/'Sheet1 (2)'!$D$72,IF(shee2!D33='Sheet1 (2)'!$C$70,'Sheet1 (2)'!$D$70*('Sheet1 (2)'!$D$72-rave_index)/'Sheet1 (2)'!$D$72,IF(shee2!D33='Sheet1 (2)'!$C$71,'Sheet1 (2)'!$D$71*('Sheet1 (2)'!$D$72-rave_index)/'Sheet1 (2)'!$D$72)))) -> 5 | AY33: =IF(IF(D33='Sheet1 (2)'!$C$69,'Sheet1 (2)'!$D$69*('Sheet1 (2)'!$D$72-rough_index)/'Sheet1 (2)'!$D$72,IF(shee2!D33='Sheet1 (2)'!$C$70,'Sheet1 (2)'!$D$70*('Sheet1 (2)'!$D$72-rough_index)/'Sheet1 (2)'!$D$72,IF(shee2!D33='Sheet1 (2)'!$C$71,'Sheet1 (2)'!$D$71*('Sheet1 (2)'!$D$72-rough_index)/'Sheet1 (2)'!$D$72)))<0,0,IF(D33='Sheet1 (2)'!$C$69,'Sheet1 (2)'!$D$69*('Sheet1 (2)'!$D$72-rough_index)/'Sheet1 (2)'!$D$72,IF(shee2!D33='Sheet1 (2)'!$C$70,'Sheet1 (2)'!$D$70*('Sheet1 (2)'!$D$72-rough_index)/'Sheet1 (2)'!$D$72,IF(shee2!D33='Sheet1 (2)'!$C$71,'Sheet1 (2)'!$D$71*('Sheet1 (2)'!$D$72-rough_index)/'Sheet1 (2)'!$D$72)))) -> 2.5 | AZ33: =+(AU33*'Sheet1 (2)'!$C$77)+(AV33*'Sheet1 (2)'!$C$78)+(AW33*'Sheet1 (2)'!$C$79)+(AX33*'Sheet1 (2)'!$C$80)+(AY33*'Sheet1 (2)'!$C$81) -> 3.625 | BA33: =IF(AZ33="",$AH33,IF(AZ33>=4,"Good",IF(AZ33>=2.5,"Fair",IF(AZ33>=1,"Poor",IF(AZ33>=0,"Very Poor",""))))) -> Fair | BE33: =IF(D33='Sheet1 (2)'!$C$61,'Sheet1 (2)'!$D$61*(counts^2)+'Sheet1 (2)'!$G$61*counts+'Sheet1 (2)'!$J$61,IF(D33='Sheet1 (2)'!$C$62,'Sheet1 (2)'!$D$62*counts+'Sheet1 (2)'!$G$62,IF(D33='Sheet1 (2)'!$C$63,'Sheet1 (2)'!$D$63*counts+'Sheet1 (2)'!$G$63,IF(D33='Sheet1 (2)'!$C$64,'Sheet1 (2)'!$D$64*counts+'Sheet1 (2)'!$G$64)))) -> 2.0984129
A34: N-5 | B34: NB | C34: 174 | D34: A | E34: 8 | F34: 1 | G34: A | H34: 0.5 | I34: A | J34: b | K34: d | L34: =VLOOKUP(CONCATENATE(J34,K34),'Sheet1 (2)'!$J$6:$K$26,2,FALSE) -> 37.5 | M34: x | N34: x | O34: =VLOOKUP(CONCATENATE(M34,N34),'Sheet1 (2)'!$L$6:$M$26,2,FALSE) -> 0 | P34: x | Q34: x | R34: =VLOOKUP(CONCATENATE(P34,Q34),'Sheet1 (2)'!$N$6:$O$26,2,FALSE) -> 0 | S34: x | T34: x | U34: =VLOOKUP(CONCATENATE(S34,T34),'Sheet1 (2)'!$P$6:$Q$26,2,FALSE) -> 0 | V34: x | W34: x | X34: =VLOOKUP(CONCATENATE(V34,W34),'Sheet1 (2)'!$R$6:$S$26,2,FALSE) -> 0 | Y34: x | Z34: x | AA34: =VLOOKUP(CONCATENATE(Y34,Z34),'Sheet1 (2)'!$T$6:$U$26,2,FALSE) -> 0 | AB34: x | AC34: x | AD34: =VLOOKUP(CONCATENATE(AB34,AC34),'Sheet1 (2)'!$X$6:$Y$26,2,FALSE) -> 0 | AE34: b | AF34: e | AG34: =VLOOKUP(CONCATENATE(AE34,AF34),'Sheet1 (2)'!$Z$6:$AA$26,2,FALSE) -> 66 | AK34: N-5 | AL34: NB | AM34: =C34 -> 174 | AQ34: 3.4621464 | AS34: =LOOKUP(rufmkm,'Sheet1 (2)'!$V$62:$V$71,'Sheet1 (2)'!$W$62:$W$71) -> 40 | AU34: =IF(IF(D34='Sheet1 (2)'!$C$69,'Sheet1 (2)'!$D$69*('Sheet1 (2)'!$D$72-rut_index)/'Sheet1 (2)'!$D$72,IF(shee2!D34='Sheet1 (2)'!$C$70,'Sheet1 (2)'!$D$70*('Sheet1 (2)'!$D$72-rut_index)/'Sheet1 (2)'!$D$72,IF(shee2!D34='Sheet1 (2)'!$C$71,'Sheet1 (2)'!$D$71*('Sheet1 (2)'!$D$72-rut_index)/'Sheet1 (2)'!$D$72)))<0,0,IF(D34='Sheet1 (2)'!$C$69,'Sheet1 (2)'!$D$69*('Sheet1 (2)'!$D$72-rut_index)/'Sheet1 (2)'!$D$72,IF(shee2!D34='Sheet1 (2)'!$C$70,'Sheet1 (2)'!$D$70*('Sheet1 (2)'!$D$72-rut_index)/'Sheet1 (2)'!$D$72,IF(shee2!D34='Sheet1 (2)'!$C$71,'Sheet1 (2)'!$D$71*('Sheet1 (2)'!$D$72-rut_index)/'Sheet1 (2)'!$D$72)))) -> 1.875 | AV34: =IF(IF(D34='Sheet1 (2)'!$C$69,'Sheet1 (2)'!$D$69*('Sheet1 (2)'!$D$72-crack_s_index)/'Sheet1 (2)'!$D$72,IF(shee2!D34='Sheet1 (2)'!$C$70,'Sheet1 (2)'!$D$70*('Sheet1 (2)'!$D$72-crack_s_index)/'Sheet1 (2)'!$D$72,IF(shee2!D34='Sheet1 (2)'!$C$71,'Sheet1 (2)'!$D$71*('Sheet1 (2)'!$D$72-crack_s_index)/'Sheet1 (2)'!$D$72)))<0,0,IF(D34='Sheet1 (2)'!$C$69,'Sheet1 (2)'!$D$69*('Sheet1 (2)'!$D$72-crack_s_index)/'Sheet1 (2)'!$D$72,IF(shee2!D34='Sheet1 (2)'!$C$70,'Sheet1 (2)'!$D$70*('Sheet1 (2)'!$D$72-crack_s_index)/'Sheet1 (2)'!$D$72,IF(shee2!D34='Sheet1 (2)'!$C$71,'Sheet1 (2)'!$D$71*('Sheet1 (2)'!$D$72-crack_s_index)/'Sheet1 (2)'!$D$72)))) -> 5 | AW34: =IF(IF(D34='Sheet1 (2)'!$C$69,'Sheet1 (2)'!$D$69*('Sheet1 (2)'!$D$72-crack_t_index)/'Sheet1 (2)'!$D$72,IF(shee2!D34='Sheet1 (2)'!$C$70,'Sheet1 (2)'!$D$70*('Sheet1 (2)'!$D$72-crack_t_index)/'Sheet1 (2)'!$D$72,IF(shee2!D34='Sheet1 (2)'!$C$71,'Sheet1 (2)'!$D$71*('Sheet1 (2)'!$D$72-crack_t_index)/'Sheet1 (2)'!$D$72)))<0,0,IF(D34='Sheet1 (2)'!$C$69,'Sheet1 (2)'!$D$69*('Sheet1 (2)'!$D$72-crack_t_index)/'Sheet1 (2)'!$D$72,IF(shee2!D34='Sheet1 (2)'!$C$70,'Sheet1 (2)'!$D$70*('Sheet1 (2)'!$D$72-crack_t_index)/'Sheet1 (2)'!$D$72,IF(shee2!D34='Sheet1 (2)'!$C$71,'Sheet1 (2)'!$D$71*('Sheet1 (2)'!$D$72-crack_t_index)/'Sheet1 (2)'!$D$72)))) -> 5 | AX34: =IF(IF(D34='Sheet1 (2)'!$C$69,'Sheet1 (2)'!$D$69*('Sheet1 (2)'!$D$72-rave_index)/'Sheet1 (2)'!$D$72,IF(shee2!D34='Sheet1 (2)'!$C$70,'Sheet1 (2)'!$D$70*('Sheet1 (2)'!$D$72-rave_index)/'Sheet1 (2)'!$D$72,IF(shee2!D34='Sheet1 (2)'!$C$71,'Sheet1 (2)'!$D$71*('Sheet1 (2)'!$D$72-rave_index)/'Sheet1 (2)'!$D$72)))<0,0,IF(D34='Sheet1 (2)'!$C$69,'Sheet1 (2)'!$D$69*('Sheet1 (2)'!$D$72-rave_index)/'Sheet1 (2)'!$D$72,IF(shee2!D34='Sheet1 (2)'!$C$70,'Sheet1 (2)'!$D$70*('Sheet1 (2)'!$D$72-rave_index)/'Sheet1 (2)'!$D$72,IF(shee2!D34='Sheet1 (2)'!$C$71,'Sheet1 (2)'!$D$71*('Sheet1 (2)'!$D$72-rave_index)/'Sheet1 (2)'!$D$72)))) -> 5 | AY34: =IF(IF(D34='Sheet1 (2)'!$C$69,'Sheet1 (2)'!$D$69*('Sheet1 (2)'!$D$72-rough_index)/'Sheet1 (2)'!$D$72,IF(shee2!D34='Sheet1 (2)'!$C$70,'Sheet1 (2)'!$D$70*('Sheet1 (2)'!$D$72-rough_index)/'Sheet1 (2)'!$D$72,IF(shee2!D34='Sheet1 (2)'!$C$71,'Sheet1 (2)'!$D$71*('Sheet1 (2)'!$D$72-rough_index)/'Sheet1 (2)'!$D$72)))<0,0,IF(D34='Sheet1 (2)'!$C$69,'Sheet1 (2)'!$D$69*('Sheet1 (2)'!$D$72-rough_index)/'Sheet1 (2)'!$D$72,IF(shee2!D34='Sheet1 (2)'!$C$70,'Sheet1 (2)'!$D$70*('Sheet1 (2)'!$D$72-rough_index)/'Sheet1 (2)'!$D$72,IF(shee2!D34='Sheet1 (2)'!$C$71,'Sheet1 (2)'!$D$71*('Sheet1 (2)'!$D$72-rough_index)/'Sheet1 (2)'!$D$72)))) -> 1.6666667 | AZ34: =+(AU34*'Sheet1 (2)'!$C$77)+(AV34*'Sheet1 (2)'!$C$78)+(AW34*'Sheet1 (2)'!$C$79)+(AX34*'Sheet1 (2)'!$C$80)+(AY34*'Sheet1 (2)'!$C$81) -> 3.375 | BA34: =IF(AZ34="",$AH34,IF(AZ34>=4,"Good",IF(AZ34>=2.5,"Fair",IF(AZ34>=1,"Poor",IF(AZ34>=0,"Very Poor",""))))) -> Fair | BE34: =IF(D34='Sheet1 (2)'!$C$61,'Sheet1 (2)'!$D$61*(counts^2)+'Sheet1 (2)'!$G$61*counts+'Sheet1 (2)'!$J$61,IF(D34='Sheet1 (2)'!$C$62,'Sheet1 (2)'!$D$62*counts+'Sheet1 (2)'!$G$62,IF(D34='Sheet1 (2)'!$C$63,'Sheet1 (2)'!$D$63*counts+'Sheet1 (2)'!$G$63,IF(D34='Sheet1 (2)'!$C$64,'Sheet1 (2)'!$D$64*counts+'Sheet1 (2)'!$G$64)))) -> 2.0984129
A35: N-5 | B35: NB | C35: 175 | D35: A | E35: 8 | F35: 1 | G35: A | H35: 0.5 | I35: A | J35: x | K35: x | L35: =VLOOKUP(CONCATENATE(J35,K35),'Sheet1 (2)'!$J$6:$K$26,2,FALSE) -> 0 | M35: x | N35: x | O35: =VLOOKUP(CONCATENATE(M35,N35),'Sheet1 (2)'!$L$6:$M$26,2,FALSE) -> 0 | P35: x | Q35: x | R35: =VLOOKUP(CONCATENATE(P35,Q35),'Sheet1 (2)'!$N$6:$O$26,2,FALSE) -> 0 | S35: x | T35: x | U35: =VLOOKUP(CONCATENATE(S35,T35),'Sheet1 (2)'!$P$6:$Q$26,2,FALSE) -> 0 | V35: x | W35: x | X35: =VLOOKUP(CONCATENATE(V35,W35),'Sheet1 (2)'!$R$6:$S$26,2,FALSE) -> 0 | Y35: x | Z35: x | AA35: =VLOOKUP(CONCATENATE(Y35,Z35),'Sheet1 (2)'!$T$6:$U$26,2,FALSE) -> 0 | AB35: x | AC35: x | AD35: =VLOOKUP(CONCATENATE(AB35,AC35),'Sheet1 (2)'!$X$6:$Y$26,2,FALSE) -> 0 | AE35: b | AF35: e | AG35: =VLOOKUP(CONCATENATE(AE35,AF35),'Sheet1 (2)'!$Z$6:$AA$26,2,FALSE) -> 66 | AK35: N-5 | AL35: NB | AM35: =C35 -> 175 | AQ35: 3.7129609 | AS35: =LOOKUP(rufmkm,'Sheet1 (2)'!$V$62:$V$71,'Sheet1 (2)'!$W$62:$W$71) -> 40 | AU35: =IF(IF(D35='Sheet1 (2)'!$C$69,'Sheet1 (2)'!$D$69*('Sheet1 (2)'!$D$72-rut_index)/'Sheet1 (2)'!$D$72,IF(shee2!D35='Sheet1 (2)'!$C$70,'Sheet1 (2)'!$D$70*('Sheet1 (2)'!$D$72-rut_index)/'Sheet1 (2)'!$D$72,IF(shee2!D35='Sheet1 (2)'!$C$71,'Sheet1 (2)'!$D$71*('Sheet1 (2)'!$D$72-rut_index)/'Sheet1 (2)'!$D$72)))<0,0,IF(D35='Sheet1 (2)'!$C$69,'Sheet1 (2)'!$D$69*('Sheet1 (2)'!$D$72-rut_index)/'Sheet1 (2)'!$D$72,IF(shee2!D35='Sheet1 (2)'!$C$70,'Sheet1 (2)'!$D$70*('Sheet1 (2)'!$D$72-rut_index)/'Sheet1 (2)'!$D$72,IF(shee2!D35='Sheet1 (2)'!$C$71,'Sheet1 (2)'!$D$71*('Sheet1 (2)'!$D$72-rut_index)/'Sheet1 (2)'!$D$72)))) -> 5 | AV35: =IF(IF(D35='Sheet1 (2)'!$C$69,'Sheet1 (2)'!$D$69*('Sheet1 (2)'!$D$72-crack_s_index)/'Sheet1 (2)'!$D$72,IF(shee2!D35='Sheet1 (2)'!$C$70,'Sheet1 (2)'!$D$70*('Sheet1 (2)'!$D$72-crack_s_index)/'Sheet1 (2)'!$D$72,IF(shee2!D35='Sheet1 (2)'!$C$71,'Sheet1 (2)'!$D$71*('Sheet1 (2)'!$D$72-crack_s_index)/'Sheet1 (2)'!$D$72)))<0,0,IF(D35='Sheet1 (2)'!$C$69,'Sheet1 (2)'!$D$69*('Sheet1 (2)'!$D$72-crack_s_index)/'Sheet1 (2)'!$D$72,IF(shee2!D35='Sheet1 (2)'!$C$70,'Sheet1 (2)'!$D$70*('Sheet1 (2)'!$D$72-crack_s_index)/'Sheet1 (2)'!$D$72,IF(shee2!D35='Sheet1 (2)'!$C$71,'Sheet1 (2)'!$D$71*('Sheet1 (2)'!$D$72-crack_s_index)/'Sheet1 (2)'!$D$72)))) -> 5 | AW35: =IF(IF(D35='Sheet1 (2)'!$C$69,'Sheet1 (2)'!$D$69*('Sheet1 (2)'!$D$72-crack_t_index)/'Sheet1 (2)'!$D$72,IF(shee2!D35='Sheet1 (2)'!$C$70,'Sheet1 (2)'!$D$70*('Sheet1 (2)'!$D$72-crack_t_index)/'Sheet1 (2)'!$D$72,IF(shee2!D35='Sheet1 (2)'!$C$71,'Sheet1 (2)'!$D$71*('Sheet1 (2)'!$D$72-crack_t_index)/'Sheet1 (2)'!$D$72)))<0,0,IF(D35='Sheet1 (2)'!$C$69,'Sheet1 (2)'!$D$69*('Sheet1 (2)'!$D$72-crack_t_index)/'Sheet1 (2)'!$D$72,IF(shee2!D35='Sheet1 (2)'!$C$70,'Sheet1 (2)'!$D$70*('Sheet1 (2)'!$D$72-crack_t_index)/'Sheet1 (2)'!$D$72,IF(shee2!D35='Sheet1 (2)'!$C$71,'Sheet1 (2)'!$D$71*('Sheet1 (2)'!$D$72-crack_t_index)/'Sheet1 (2)'!$D$72)))) -> 5 | AX35: =IF(IF(D35='Sheet1 (2)'!$C$69,'Sheet1 (2)'!$D$69*('Sheet1 (2)'!$D$72-rave_index)/'Sheet1 (2)'!$D$72,IF(shee2!D35='Sheet1 (2)'!$C$70,'Sheet1 (2)'!$D$70*('Sheet1 (2)'!$D$72-rave_index)/'Sheet1 (2)'!$D$72,IF(shee2!D35='Sheet1 (2)'!$C$71,'Sheet1 (2)'!$D$71*('Sheet1 (2)'!$D$72-rave_index)/'Sheet1 (2)'!$D$72)))<0,0,IF(D35='Sheet1 (2)'!$C$69,'Sheet1 (2)'!$D$69*('Sheet1 (2)'!$D$72-rave_index)/'Sheet1 (2)'!$D$72,IF(shee2!D35='Sheet1 (2)'!$C$70,'Sheet1 (2)'!$D$70*('Sheet1 (2)'!$D$72-rave_index)/'Sheet1 (2)'!$D$72,IF(shee2!D35='Sheet1 (2)'!$C$71,'Sheet1 (2)'!$D$71*('Sheet1 (2)'!$D$72-rave_index)/'Sheet1 (2)'!$D$72)))) -> 5 | AY35: =IF(IF(D35='Sheet1 (2)'!$C$69,'Sheet1 (2)'!$D$69*('Sheet1 (2)'!$D$72-rough_index)/'Sheet1 (2)'!$D$72,IF(shee2!D35='Sheet1 (2)'!$C$70,'Sheet1 (2)'!$D$70*('Sheet1 (2)'!$D$72-rough_index)/'Sheet1 (2)'!$D$72,IF(shee2!D35='Sheet1 (2)'!$C$71,'Sheet1 (2)'!$D$71*('Sheet1 (2)'!$D$72-rough_index)/'Sheet1 (2)'!$D$72)))<0,0,IF(D35='Sheet1 (2)'!$C$69,'Sheet1 (2)'!$D$69*('Sheet1 (2)'!$D$72-rough_index)/'Sheet1 (2)'!$D$72,IF(shee2!D35='Sheet1 (2)'!$C$70,'Sheet1 (2)'!$D$70*('Sheet1 (2)'!$D$72-rough_index)/'Sheet1 (2)'!$D$72,IF(shee2!D35='Sheet1 (2)'!$C$71,'Sheet1 (2)'!$D$71*('Sheet1 (2)'!$D$72-rough_index)/'Sheet1 (2)'!$D$72)))) -> 1.6666667 | AZ35: =+(AU35*'Sheet1 (2)'!$C$77)+(AV35*'Sheet1 (2)'!$C$78)+(AW35*'Sheet1 (2)'!$C$79)+(AX35*'Sheet1 (2)'!$C$80)+(AY35*'Sheet1 (2)'!$C$81) -> 4 | BA35: =IF(AZ35="",$AH35,IF(AZ35>=4,"Good",IF(AZ35>=2.5,"Fair",IF(AZ35>=1,"Poor",IF(AZ35>=0,"Very Poor",""))))) -> Good | BE35: =IF(D35='Sheet1 (2)'!$C$61,'Sheet1 (2)'!$D$61*(counts^2)+'Sheet1 (2)'!$G$61*counts+'Sheet1 (2)'!$J$61,IF(D35='Sheet1 (2)'!$C$62,'Sheet1 (2)'!$D$62*counts+'Sheet1 (2)'!$G$62,IF(D35='Sheet1 (2)'!$C$63,'Sheet1 (2)'!$D$63*counts+'Sheet1 (2)'!$G$63,IF(D35='Sheet1 (2)'!$C$64,'Sheet1 (2)'!$D$64*counts+'Sheet1 (2)'!$G$64)))) -> 2.0984129
A36: N-5 | B36: NB | C36: 176 | D36: A | E36: 8 | F36: 1 | G36: A | H36: 0.5 | I36: A | J36: x | K36: x | L36: =VLOOKUP(CONCATENATE(J36,K36),'Sheet1 (2)'!$J$6:$K$26,2,FALSE) -> 0 | M36: c | N36: b | O36: =VLOOKUP(CONCATENATE(M36,N36),'Sheet1 (2)'!$L$6:$M$26,2,FALSE) -> 18.75 | P36: c | Q36: b | R36: =VLOOKUP(CONCATENATE(P36,Q36),'Sheet1 (2)'!$N$6:$O$26,2,FALSE) -> 18.75 | S36: x | T36: x | U36: =VLOOKUP(CONCATENATE(S36,T36),'Sheet1 (2)'!$P$6:$Q$26,2,FALSE) -> 0 | V36: x | W36: x | X36: =VLOOKUP(CONCATENATE(V36,W36),'Sheet1 (2)'!$R$6:$S$26,2,FALSE) -> 0 | Y36: x | Z36: x | AA36: =VLOOKUP(CONCATENATE(Y36,Z36),'Sheet1 (2)'!$T$6:$U$26,2,FALSE) -> 0 | AB36: x | AC36: x | AD36: =VLOOKUP(CONCATENATE(AB36,AC36),'Sheet1 (2)'!$X$6:$Y$26,2,FALSE) -> 0 | AE36: b | AF36: e | AG36: =VLOOKUP(CONCATENATE(AE36,AF36),'Sheet1 (2)'!$Z$6:$AA$26,2,FALSE) -> 66 | AK36: N-5 | AL36: NB | AM36: =C36 -> 176 | AQ36: 2.7277834 | AS36: =LOOKUP(rufmkm,'Sheet1 (2)'!$V$62:$V$71,'Sheet1 (2)'!$W$62:$W$71) -> 30 | AU36: =IF(IF(D36='Sheet1 (2)'!$C$69,'Sheet1 (2)'!$D$69*('Sheet1 (2)'!$D$72-rut_index)/'Sheet1 (2)'!$D$72,IF(shee2!D36='Sheet1 (2)'!$C$70,'Sheet1 (2)'!$D$70*('Sheet1 (2)'!$D$72-rut_index)/'Sheet1 (2)'!$D$72,IF(shee2!D36='Sheet1 (2)'!$C$71,'Sheet1 (2)'!$D$71*('Sheet1 (2)'!$D$72-rut_index)/'Sheet1 (2)'!$D$72)))<0,0,IF(D36='Sheet1 (2)'!$C$69,'Sheet1 (2)'!$D$69*('Sheet1 (2)'!$D$72-rut_index)/'Sheet1 (2)'!$D$72,IF(shee2!D36='Sheet1 (2)'!$C$70,'Sheet1 (2)'!$D$70*('Sheet1 (2)'!$D$72-rut_index)/'Sheet1 (2)'!$D$72,IF(shee2!D36='Sheet1 (2)'!$C$71,'Sheet1 (2)'!$D$71*('Sheet1 (2)'!$D$72-rut_index)/'Sheet1 (2)'!$D$72)))) -> 5 | AV36: =IF(IF(D36='Sheet1 (2)'!$C$69,'Sheet1 (2)'!$D$69*('Sheet1 (2)'!$D$72-crack_s_index)/'Sheet1 (2)'!$D$72,IF(shee2!D36='Sheet1 (2)'!$C$70,'Sheet1 (2)'!$D$70*('Sheet1 (2)'!$D$72-crack_s_index)/'Sheet1 (2)'!$D$72,IF(shee2!D36='Sheet1 (2)'!$C$71,'Sheet1 (2)'!$D$71*('Sheet1 (2)'!$D$72-crack_s_index)/'Sheet1 (2)'!$D$72)))<0,0,IF(D36='Sheet1 (2)'!$C$69,'Sheet1 (2)'!$D$69*('Sheet1 (2)'!$D$72-crack_s_index)/'Sheet1 (2)'!$D$72,IF(shee2!D36='Sheet1 (2)'!$C$70,'Sheet1 (2)'!$D$70*('Sheet1 (2)'!$D$72-crack_s_index)/'Sheet1 (2)'!$D$72,IF(shee2!D36='Sheet1 (2)'!$C$71,'Sheet1 (2)'!$D$71*('Sheet1 (2)'!$D$72-crack_s_index)/'Sheet1 (2)'!$D$72)))) -> 3.4375 | AW36: =IF(IF(D36='Sheet1 (2)'!$C$69,'Sheet1 (2)'!$D$69*('Sheet1 (2)'!$D$72-crack_t_index)/'Sheet1 (2)'!$D$72,IF(shee2!D36='Sheet1 (2)'!$C$70,'Sheet1 (2)'!$D$70*('Sheet1 (2)'!$D$72-crack_t_index)/'Sheet1 (2)'!$D$72,IF(shee2!D36='Sheet1 (2)'!$C$71,'Sheet1 (2)'!$D$71*('Sheet1 (2)'!$D$72-crack_t_index)/'Sheet1 (2)'!$D$72)))<0,0,IF(D36='Sheet1 (2)'!$C$69,'Sheet1 (2)'!$D$69*('Sheet1 (2)'!$D$72-crack_t_index)/'Sheet1 (2)'!$D$72,IF(shee2!D36='Sheet1 (2)'!$C$70,'Sheet1 (2)'!$D$70*('Sheet1 (2)'!$D$72-crack_t_index)/'Sheet1 (2)'!$D$72,IF(shee2!D36='Sheet1 (2)'!$C$71,'Sheet1 (2)'!$D$71*('Sheet1 (2)'!$D$72-crack_t_index)/'Sheet1 (2)'!$D$72)))) -> 3.4375 | AX36: =IF(IF(D36='Sheet1 (2)'!$C$69,'Sheet1 (2)'!$D$69*('Sheet1 (2)'!$D$72-rave_index)/'Sheet1 (2)'!$D$72,IF(shee2!D36='Sheet1 (2)'!$C$70,'Sheet1 (2)'!$D$70*('Sheet1 (2)'!$D$72-rave_index)/'Sheet1 (2)'!$D$72,IF(shee2!D36='Sheet1 (2)'!$C$71,'Sheet1 (2)'!$D$71*('Sheet1 (2)'!$D$72-rave_index)/'Sheet1 (2)'!$D$72)))<0,0,IF(D36='Sheet1 (2)'!$C$69,'Sheet1 (2)'!$D$69*('Sheet1 (2)'!$D$72-rave_index)/'Sheet1 (2)'!$D$72,IF(shee2!D36='Sheet1 (2)'!$C$70,'Sheet1 (2)'!$D$70*('Sheet1 (2)'!$D$72-rave_index)/'Sheet1 (2)'!$D$72,IF(shee2!D36='Sheet1 (2)'!$C$71,'Sheet1 (2)'!$D$71*('Sheet1 (2)'!$D$72-rave_index)/'Sheet1 (2)'!$D$72)))) -> 5 | AY36: =IF(IF(D36='Sheet1 (2)'!$C$69,'Sheet1 (2)'!$D$69*('Sheet1 (2)'!$D$72-rough_index)/'Sheet1 (2)'!$D$72,IF(shee2!D36='Sheet1 (2)'!$C$70,'Sheet1 (2)'!$D$70*('Sheet1 (2)'!$D$72-rough_index)/'Sheet1 (2)'!$D$72,IF(shee2!D36='Sheet1 (2)'!$C$71,'Sheet1 (2)'!$D$71*('Sheet1 (2)'!$D$72-rough_index)/'Sheet1 (2)'!$D$72)))<0,0,IF(D36='Sheet1 (2)'!$C$69,'Sheet1 (2)'!$D$69*('Sheet1 (2)'!$D$72-rough_index)/'Sheet1 (2)'!$D$72,IF(shee2!D36='Sheet1 (2)'!$C$70,'Sheet1 (2)'!$D$70*('Sheet1 (2)'!$D$72-rough_index)/'Sheet1 (2)'!$D$72,IF(shee2!D36='Sheet1 (2)'!$C$71,'Sheet1 (2)'!$D$71*('Sheet1 (2)'!$D$72-rough_index)/'Sheet1 (2)'!$D$72)))) -> 2.5 | AZ36: =+(AU36*'Sheet1 (2)'!$C$77)+(AV36*'Sheet1 (2)'!$C$78)+(AW36*'Sheet1 (2)'!$C$79)+(AX36*'Sheet1 (2)'!$C$80)+(AY36*'Sheet1 (2)'!$C$81) -> 3.625 | BA36: =IF(AZ36="",$AH36,IF(AZ36>=4,"Good",IF(AZ36>=2.5,"Fair",IF(AZ36>=1,"Poor",IF(AZ36>=0,"Very Poor",""))))) -> Fair | BE36: =IF(D36='Sheet1 (2)'!$C$61,'Sheet1 (2)'!$D$61*(counts^2)+'Sheet1 (2)'!$G$61*counts+'Sheet1 (2)'!$J$61,IF(D36='Sheet1 (2)'!$C$62,'Sheet1 (2)'!$D$62*counts+'Sheet1 (2)'!$G$62,IF(D36='Sheet1 (2)'!$C$63,'Sheet1 (2)'!$D$63*counts+'Sheet1 (2)'!$G$63,IF(D36='Sheet1 (2)'!$C$64,'Sheet1 (2)'!$D$64*counts+'Sheet1 (2)'!$G$64)))) -> 2.0984129
A37: N-5 | B37: NB | C37: 177 | D37: A | E37: 8 | F37: 1 | G37: A | H37: 0.5 | I37: A | J37: x | K37: x | L37: =VLOOKUP(CONCATENATE(J37,K37),'Sheet1 (2)'!$J$6:$K$26,2,FALSE) -> 0 | M37: d | N37: d | O37: =VLOOKUP(CONCATENATE(M37,N37),'Sheet1 (2)'!$L$6:$M$26,2,FALSE) -> 75 | P37: d | Q37: d | R37: =VLOOKUP(CONCATENATE(P37,Q37),'Sheet1 (2)'!$N$6:$O$26,2,FALSE) -> 75 | S37: x | T37: x | U37: =VLOOKUP(CONCATENATE(S37,T37),'Sheet1 (2)'!$P$6:$Q$26,2,FALSE) -> 0 | V37: x | W37: x | X37: =VLOOKUP(CONCATENATE(V37,W37),'Sheet1 (2)'!$R$6:$S$26,2,FALSE) -> 0 | Y37: c | Z37: d | AA37: =VLOOKUP(CONCATENATE(Y37,Z37),'Sheet1 (2)'!$T$6:$U$26,2,FALSE) -> 56.25 | AB37: x | AC37: x | AD37: =VLOOKUP(CONCATENATE(AB37,AC37),'Sheet1 (2)'!$X$6:$Y$26,2,FALSE) -> 0 | AE37: b | AF37: e | AG37: =VLOOKUP(CONCATENATE(AE37,AF37),'Sheet1 (2)'!$Z$6:$AA$26,2,FALSE) -> 66 | AK37: N-5 | AL37: NB | AM37: =C37 -> 177 | AQ37: 2.6316426 | AS37: =LOOKUP(rufmkm,'Sheet1 (2)'!$V$62:$V$71,'Sheet1 (2)'!$W$62:$W$71) -> 30 | AU37: =IF(IF(D37='Sheet1 (2)'!$C$69,'Sheet1 (2)'!$D$69*('Sheet1 (2)'!$D$72-rut_index)/'Sheet1 (2)'!$D$72,IF(shee2!D37='Sheet1 (2)'!$C$70,'Sheet1 (2)'!$D$70*('Sheet1 (2)'!$D$72-rut_index)/'Sheet1 (2)'!$D$72,IF(shee2!D37='Sheet1 (2)'!$C$71,'Sheet1 (2)'!$D$71*('Sheet1 (2)'!$D$72-rut_index)/'Sheet1 (2)'!$D$72)))<0,0,IF(D37='Sheet1 (2)'!$C$69,'Sheet1 (2)'!$D$69*('Sheet1 (2)'!$D$72-rut_index)/'Sheet1 (2)'!$D$72,IF(shee2!D37='Sheet1 (2)'!$C$70,'Sheet1 (2)'!$D$70*('Sheet1 (2)'!$D$72-rut_index)/'Sheet1 (2)'!$D$72,IF(shee2!D37='Sheet1 (2)'!$C$71,'Sheet1 (2)'!$D$71*('Sheet1 (2)'!$D$72-rut_index)/'Sheet1 (2)'!$D$72)))) -> 5 | AV37: =IF(IF(D37='Sheet1 (2)'!$C$69,'Sheet1 (2)'!$D$69*('Sheet1 (2)'!$D$72-crack_s_index)/'Sheet1 (2)'!$D$72,IF(shee2!D37='Sheet1 (2)'!$C$70,'Sheet1 (2)'!$D$70*('Sheet1 (2)'!$D$72-crack_s_index)/'Sheet1 (2)'!$D$72,IF(shee2!D37='Sheet1 (2)'!$C$71,'Sheet1 (2)'!$D$71*('Sheet1 (2)'!$D$72-crack_s_index)/'Sheet1 (2)'!$D$72)))<0,0,IF(D37='Sheet1 (2)'!$C$69,'Sheet1 (2)'!$D$69*('Sheet1 (2)'!$D$72-crack_s_index)/'Sheet1 (2)'!$D$72,IF(shee2!D37='Sheet1 (2)'!$C$70,'Sheet1 (2)'!$D$70*('Sheet1 (2)'!$D$72-crack_s_index)/'Sheet1 (2)'!$D$72,IF(shee2!D37='Sheet1 (2)'!$C$71,'Sheet1 (2)'!$D$71*('Sheet1 (2)'!$D$72-crack_s_index)/'Sheet1 (2)'!$D$72)))) -> 0 | AW37: =IF(IF(D37='Sheet1 (2)'!$C$69,'Sheet1 (2)'!$D$69*('Sheet1 (2)'!$D$72-crack_t_index)/'Sheet1 (2)'!$D$72,IF(shee2!D37='Sheet1 (2)'!$C$70,'Sheet1 (2)'!$D$70*('Sheet1 (2)'!$D$72-crack_t_index)/'Sheet1 (2)'!$D$72,IF(shee2!D37='Sheet1 (2)'!$C$71,'Sheet1 (2)'!$D$71*('Sheet1 (2)'!$D$72-crack_t_index)/'Sheet1 (2)'!$D$72)))<0,0,IF(D37='Sheet1 (2)'!$C$69,'Sheet1 (2)'!$D$69*('Sheet1 (2)'!$D$72-crack_t_index)/'Sheet1 (2)'!$D$72,IF(shee2!D37='Sheet1 (2)'!$C$70,'Sheet1 (2)'!$D$70*('Sheet1 (2)'!$D$72-crack_t_index)/'Sheet1 (2)'!$D$72,IF(shee2!D37='Sheet1 (2)'!$C$71,'Sheet1 (2)'!$D$71*('Sheet1 (2)'!$D$72-crack_t_index)/'Sheet1 (2)'!$D$72)))) -> 0 | AX37: =IF(IF(D37='Sheet1 (2)'!$C$69,'Sheet1 (2)'!$D$69*('Sheet1 (2)'!$D$72-rave_index)/'Sheet1 (2)'!$D$72,IF(shee2!D37='Sheet1 (2)'!$C$70,'Sheet1 (2)'!$D$70*('Sheet1 (2)'!$D$72-rave_index)/'Sheet1 (2)'!$D$72,IF(shee2!D37='Sheet1 (2)'!$C$71,'Sheet1 (2)'!$D$71*('Sheet1 (2)'!$D$72-rave_index)/'Sheet1 (2)'!$D$72)))<0,0,IF(D37='Sheet1 (2)'!$C$69,'Sheet1 (2)'!$D$69*('Sheet1 (2)'!$D$72-rave_index)/'Sheet1 (2)'!$D$72,IF(shee2!D37='Sheet1 (2)'!$C$70,'Sheet1 (2)'!$D$70*('Sheet1 (2)'!$D$72-rave_index)/'Sheet1 (2)'!$D$72,IF(shee2!D37='Sheet1 (2)'!$C$71,'Sheet1 (2)'!$D$71*('Sheet1 (2)'!$D$72-rave_index)/'Sheet1 (2)'!$D$72)))) -> 0.3125 | AY37: =IF(IF(D37='Sheet1 (2)'!$C$69,'Sheet1 (2)'!$D$69*('Sheet1 (2)'!$D$72-rough_index)/'Sheet1 (2)'!$D$72,IF(shee2!D37='Sheet1 (2)'!$C$70,'Sheet1 (2)'!$D$70*('Sheet1 (2)'!$D$72-rough_index)/'Sheet1 (2)'!$D$72,IF(shee2!D37='Sheet1 (2)'!$C$71,'Sheet1 (2)'!$D$71*('Sheet1 (2)'!$D$72-rough_index)/'Sheet1 (2)'!$D$72)))<0,0,IF(D37='Sheet1 (2)'!$C$69,'Sheet1 (2)'!$D$69*('Sheet1 (2)'!$D$72-rough_index)/'Sheet1 (2)'!$D$72,IF(shee2!D37='Sheet1 (2)'!$C$70,'Sheet1 (2)'!$D$70*('Sheet1 (2)'!$D$72-rough_index)/'Sheet1 (2)'!$D$72,IF(shee2!D37='Sheet1 (2)'!$C$71,'Sheet1 (2)'!$D$71*('Sheet1 (2)'!$D$72-rough_index)/'Sheet1 (2)'!$D$72)))) -> 2.5 | AZ37: =+(AU37*'Sheet1 (2)'!$C$77)+(AV37*'Sheet1 (2)'!$C$78)+(AW37*'Sheet1 (2)'!$C$79)+(AX37*'Sheet1 (2)'!$C$80)+(AY37*'Sheet1 (2)'!$C$81) -> 1.78125 | BA37: =IF(AZ37="",$AH37,IF(AZ37>=4,"Good",IF(AZ37>=2.5,"Fair",IF(AZ37>=1,"Poor",IF(AZ37>=0,"Very Poor",""))))) -> Poor | BE37: =IF(D37='Sheet1 (2)'!$C$61,'Sheet1 (2)'!$D$61*(counts^2)+'Sheet1 (2)'!$G$61*counts+'Sheet1 (2)'!$J$61,IF(D37='Sheet1 (2)'!$C$62,'Sheet1 (2)'!$D$62*counts+'Sheet1 (2)'!$G$62,IF(D37='Sheet1 (2)'!$C$63,'Sheet1 (2)'!$D$63*counts+'Sheet1 (2)'!$G$63,IF(D37='Sheet1 (2)'!$C$64,'Sheet1 (2)'!$D$64*counts+'Sheet1 (2)'!$G$64)))) -> 2.0984129
A38: N-5 | B38: NB | C38: 178 | D38: A | E38: 8 | F38: 1 | G38: A | H38: 0.5 | I38: A | J38: x | K38: x | L38: =VLOOKUP(CONCATENATE(J38,K38),'Sheet1 (2)'!$J$6:$K$26,2,FALSE) -> 0 | M38: d | N38: e | O38: =VLOOKUP(CONCATENATE(M38,N38),'Sheet1 (2)'!$L$6:$M$26,2,FALSE) -> 100 | P38: d | Q38: c | R38: =VLOOKUP(CONCATENATE(P38,Q38),'Sheet1 (2)'!$N$6:$O$26,2,FALSE) -> 50 | S38: x | T38: x | U38: =VLOOKUP(CONCATENATE(S38,T38),'Sheet1 (2)'!$P$6:$Q$26,2,FALSE) -> 0 | V38: x | W38: x | X38: =VLOOKUP(CONCATENATE(V38,W38),'Sheet1 (2)'!$R$6:$S$26,2,FALSE) -> 0 | Y38: c | Z38: d | AA38: =VLOOKUP(CONCATENATE(Y38,Z38),'Sheet1 (2)'!$T$6:$U$26,2,FALSE) -> 56.25 | AB38: x | AC38: x | AD38: =VLOOKUP(CONCATENATE(AB38,AC38),'Sheet1 (2)'!$X$6:$Y$26,2,FALSE) -> 0 | AE38: b | AF38: e | AG38: =VLOOKUP(CONCATENATE(AE38,AF38),'Sheet1 (2)'!$Z$6:$AA$26,2,FALSE) -> 66 | AK38: N-5 | AL38: NB | AM38: =C38 -> 178 | AQ38: 3.8829125 | AS38: =LOOKUP(rufmkm,'Sheet1 (2)'!$V$62:$V$71,'Sheet1 (2)'!$W$62:$W$71) -> 40 | AU38: =IF(IF(D38='Sheet1 (2)'!$C$69,'Sheet1 (2)'!$D$69*('Sheet1 (2)'!$D$72-rut_index)/'Sheet1 (2)'!$D$72,IF(shee2!D38='Sheet1 (2)'!$C$70,'Sheet1 (2)'!$D$70*('Sheet1 (2)'!$D$72-rut_index)/'Sheet1 (2)'!$D$72,IF(shee2!D38='Sheet1 (2)'!$C$71,'Sheet1 (2)'!$D$71*('Sheet1 (2)'!$D$72-rut_index)/'Sheet1 (2)'!$D$72)))<0,0,IF(D38='Sheet1 (2)'!$C$69,'Sheet1 (2)'!$D$69*('Sheet1 (2)'!$D$72-rut_index)/'Sheet1 (2)'!$D$72,IF(shee2!D38='Sheet1 (2)'!$C$70,'Sheet1 (2)'!$D$70*('Sheet1 (2)'!$D$72-rut_index)/'Sheet1 (2)'!$D$72,IF(shee2!D38='Sheet1 (2)'!$C$71,'Sheet1 (2)'!$D$71*('Sheet1 (2)'!$D$72-rut_index)/'Sheet1 (2)'!$D$72)))) -> 5 | AV38: =IF(IF(D38='Sheet1 (2)'!$C$69,'Sheet1 (2)'!$D$69*('Sheet1 (2)'!$D$72-crack_s_index)/'Sheet1 (2)'!$D$72,IF(shee2!D38='Sheet1 (2)'!$C$70,'Sheet1 (2)'!$D$70*('Sheet1 (2)'!$D$72-crack_s_index)/'Sheet1 (2)'!$D$72,IF(shee2!D38='Sheet1 (2)'!$C$71,'Sheet1 (2)'!$D$71*('Sheet1 (2)'!$D$72-crack_s_index)/'Sheet1 (2)'!$D$72)))<0,0,IF(D38='Sheet1 (2)'!$C$69,'Sheet1 (2)'!$D$69*('Sheet1 (2)'!$D$72-crack_s_index)/'Sheet1 (2)'!$D$72,IF(shee2!D38='Sheet1 (2)'!$C$70,'Sheet1 (2)'!$D$70*('Sheet1 (2)'!$D$72-crack_s_index)/'Sheet1 (2)'!$D$72,IF(shee2!D38='Sheet1 (2)'!$C$71,'Sheet1 (2)'!$D$71*('Sheet1 (2)'!$D$72-crack_s_index)/'Sheet1 (2)'!$D$72)))) -> 0 | AW38: =IF(IF(D38='Sheet1 (2)'!$C$69,'Sheet1 (2)'!$D$69*('Sheet1 (2)'!$D$72-crack_t_index)/'Sheet1 (2)'!$D$72,IF(shee2!D38='Sheet1 (2)'!$C$70,'Sheet1 (2)'!$D$70*('Sheet1 (2)'!$D$72-crack_t_index)/'Sheet1 (2)'!$D$72,IF(shee2!D38='Sheet1 (2)'!$C$71,'Sheet1 (2)'!$D$71*('Sheet1 (2)'!$D$72-crack_t_index)/'Sheet1 (2)'!$D$72)))<0,0,IF(D38='Sheet1 (2)'!$C$69,'Sheet1 (2)'!$D$69*('Sheet1 (2)'!$D$72-crack_t_index)/'Sheet1 (2)'!$D$72,IF(shee2!D38='Sheet1 (2)'!$C$70,'Sheet1 (2)'!$D$70*('Sheet1 (2)'!$D$72-crack_t_index)/'Sheet1 (2)'!$D$72,IF(shee2!D38='Sheet1 (2)'!$C$71,'Sheet1 (2)'!$D$71*('Sheet1 (2)'!$D$72-crack_t_index)/'Sheet1 (2)'!$D$72)))) -> 0.83333333 | AX38: =IF(IF(D38='Sheet1 (2)'!$C$69,'Sheet1 (2)'!$D$69*('Sheet1 (2)'!$D$72-rave_index)/'Sheet1 (2)'!$D$72,IF(shee2!D38='Sheet1 (2)'!$C$70,'Sheet1 (2)'!$D$70*('Sheet1 (2)'!$D$72-rave_index)/'Sheet1 (2)'!$D$72,IF(shee2!D38='Sheet1 (2)'!$C$71,'Sheet1 (2)'!$D$71*('Sheet1 (2)'!$D$72-rave_index)/'Sheet1 (2)'!$D$72)))<0,0,IF(D38='Sheet1 (2)'!$C$69,'Sheet1 (2)'!$D$69*('Sheet1 (2)'!$D$72-rave_index)/'Sheet1 (2)'!$D$72,IF(shee2!D38='Sheet1 (2)'!$C$70,'Sheet1 (2)'!$D$70*('Sheet1 (2)'!$D$72-rave_index)/'Sheet1 (2)'!$D$72,IF(shee2!D38='Sheet1 (2)'!$C$71,'Sheet1 (2)'!$D$71*('Sheet1 (2)'!$D$72-rave_index)/'Sheet1 (2)'!$D$72)))) -> 0.3125 | AY38: =IF(IF(D38='Sheet1 (2)'!$C$69,'Sheet1 (2)'!$D$69*('Sheet1 (2)'!$D$72-rough_index)/'Sheet1 (2)'!$D$72,IF(shee2!D38='Sheet1 (2)'!$C$70,'Sheet1 (2)'!$D$70*('Sheet1 (2)'!$D$72-rough_index)/'Sheet1 (2)'!$D$72,IF(shee2!D38='Sheet1 (2)'!$C$71,'Sheet1 (2)'!$D$71*('Sheet1 (2)'!$D$72-rough_index)/'Sheet1 (2)'!$D$72)))<0,0,IF(D38='Sheet1 (2)'!$C$69,'Sheet1 (2)'!$D$69*('Sheet1 (2)'!$D$72-rough_index)/'Sheet1 (2)'!$D$72,IF(shee2!D38='Sheet1 (2)'!$C$70,'Sheet1 (2)'!$D$70*('Sheet1 (2)'!$D$72-rough_index)/'Sheet1 (2)'!$D$72,IF(shee2!D38='Sheet1 (2)'!$C$71,'Sheet1 (2)'!$D$71*('Sheet1 (2)'!$D$72-rough_index)/'Sheet1 (2)'!$D$72)))) -> 1.6666667 | AZ38: =+(AU38*'Sheet1 (2)'!$C$77)+(AV38*'Sheet1 (2)'!$C$78)+(AW38*'Sheet1 (2)'!$C$79)+(AX38*'Sheet1 (2)'!$C$80)+(AY38*'Sheet1 (2)'!$C$81) -> 1.5645833 | BA38: =IF(AZ38="",$AH38,IF(AZ38>=4,"Good",IF(AZ38>=2.5,"Fair",IF(AZ38>=1,"Poor",IF(AZ38>=0,"Very Poor",""))))) -> Poor | BE38: =IF(D38='Sheet1 (2)'!$C$61,'Sheet1 (2)'!$D$61*(counts^2)+'Sheet1 (2)'!$G$61*counts+'Sheet1 (2)'!$J$61,IF(D38='Sheet1 (2)'!$C$62,'Sheet1 (2)'!$D$62*counts+'Sheet1 (2)'!$G$62,IF(D38='Sheet1 (2)'!$C$63,'Sheet1 (2)'!$D$63*counts+'Sheet1 (2)'!$G$63,IF(D38='Sheet1 (2)'!$C$64,'Sheet1 (2)'!$D$64*counts+'Sheet1 (2)'!$G$64)))) -> 2.0984129
A39: N-5 | B39: NB | C39: 179 | D39: A | E39: 8 | F39: 1 | G39: A | H39: 0.5 | I39: A | J39: x | K39: x | L39: =VLOOKUP(CONCATENATE(J39,K39),'Sheet1 (2)'!$J$6:$K$26,2,FALSE) -> 0 | M39: d | N39: e | O39: =VLOOKUP(CONCATENATE(M39,N39),'Sheet1 (2)'!$L$6:$M$26,2,FALSE) -> 100 | P39: d | Q39: d | R39: =VLOOKUP(CONCATENATE(P39,Q39),'Sheet1 (2)'!$N$6:$O$26,2,FALSE) -> 75 | S39: x | T39: x | U39: =VLOOKUP(CONCATENATE(S39,T39),'Sheet1 (2)'!$P$6:$Q$26,2,FALSE) -> 0 | V39: d | W39: e | X39: =VLOOKUP(CONCATENATE(V39,W39),'Sheet1 (2)'!$R$6:$S$26,2,FALSE) -> 100 | Y39: d | Z39: d | AA39: =VLOOKUP(CONCATENATE(Y39,Z39),'Sheet1 (2)'!$T$6:$U$26,2,FALSE) -> 75 | AB39: x | AC39: x | AD39: =VLOOKUP(CONCATENATE(AB39,AC39),'Sheet1 (2)'!$X$6:$Y$26,2,FALSE) -> 0 | AE39: b | AF39: e | AG39: =VLOOKUP(CONCATENATE(AE39,AF39),'Sheet1 (2)'!$Z$6:$AA$26,2,FALSE) -> 66 | AK39: N-5 | AL39: NB | AM39: =C39 -> 179 | AQ39: 2.9482832 | AS39: =LOOKUP(rufmkm,'Sheet1 (2)'!$V$62:$V$71,'Sheet1 (2)'!$W$62:$W$71) -> 30 | AU39: =IF(IF(D39='Sheet1 (2)'!$C$69,'Sheet1 (2)'!$D$69*('Sheet1 (2)'!$D$72-rut_index)/'Sheet1 (2)'!$D$72,IF(shee2!D39='Sheet1 (2)'!$C$70,'Sheet1 (2)'!$D$70*('Sheet1 (2)'!$D$72-rut_index)/'Sheet1 (2)'!$D$72,IF(shee2!D39='Sheet1 (2)'!$C$71,'Sheet1 (2)'!$D$71*('Sheet1 (2)'!$D$72-rut_index)/'Sheet1 (2)'!$D$72)))<0,0,IF(D39='Sheet1 (2)'!$C$69,'Sheet1 (2)'!$D$69*('Sheet1 (2)'!$D$72-rut_index)/'Sheet1 (2)'!$D$72,IF(shee2!D39='Sheet1 (2)'!$C$70,'Sheet1 (2)'!$D$70*('Sheet1 (2)'!$D$72-rut_index)/'Sheet1 (2)'!$D$72,IF(shee2!D39='Sheet1 (2)'!$C$71,'Sheet1 (2)'!$D$71*('Sheet1 (2)'!$D$72-rut_index)/'Sheet1 (2)'!$D$72)))) -> 5 | AV39: =IF(IF(D39='Sheet1 (2)'!$C$69,'Sheet1 (2)'!$D$69*('Sheet1 (2)'!$D$72-crack_s_index)/'Sheet1 (2)'!$D$72,IF(shee2!D39='Sheet1 (2)'!$C$70,'Sheet1 (2)'!$D$70*('Sheet1 (2)'!$D$72-crack_s_index)/'Sheet1 (2)'!$D$72,IF(shee2!D39='Sheet1 (2)'!$C$71,'Sheet1 (2)'!$D$71*('Sheet1 (2)'!$D$72-crack_s_index)/'Sheet1 (2)'!$D$72)))<0,0,IF(D39='Sheet1 (2)'!$C$69,'Sheet1 (2)'!$D$69*('Sheet1 (2)'!$D$72-crack_s_index)/'Sheet1 (2)'!$D$72,IF(shee2!D39='Sheet1 (2)'!$C$70,'Sheet1 (2)'!$D$70*('Sheet1 (2)'!$D$72-crack_s_index)/'Sheet1 (2)'!$D$72,IF(shee2!D39='Sheet1 (2)'!$C$71,'Sheet1 (2)'!$D$71*('Sheet1 (2)'!$D$72-crack_s_index)/'Sheet1 (2)'!$D$72)))) -> 0 | AW39: =IF(IF(D39='Sheet1 (2)'!$C$69,'Sheet1 (2)'!$D$69*('Sheet1 (2)'!$D$72-crack_t_index)/'Sheet1 (2)'!$D$72,IF(shee2!D39='Sheet1 (2)'!$C$70,'Sheet1 (2)'!$D$70*('Sheet1 (2)'!$D$72-crack_t_index)/'Sheet1 (2)'!$D$72,IF(shee2!D39='Sheet1 (2)'!$C$71,'Sheet1 (2)'!$D$71*('Sheet1 (2)'!$D$72-crack_t_index)/'Sheet1 (2)'!$D$72)))<0,0,IF(D39='Sheet1 (2)'!$C$69,'Sheet1 (2)'!$D$69*('Sheet1 (2)'!$D$72-crack_t_index)/'Sheet1 (2)'!$D$72,IF(shee2!D39='Sheet1 (2)'!$C$70,'Sheet1 (2)'!$D$70*('Sheet1 (2)'!$D$72-crack_t_index)/'Sheet1 (2)'!$D$72,IF(shee2!D39='Sheet1 (2)'!$C$71,'Sheet1 (2)'!$D$71*('Sheet1 (2)'!$D$72-crack_t_index)/'Sheet1 (2)'!$D$72)))) -> 0 | AX39: =IF(IF(D39='Sheet1 (2)'!$C$69,'Sheet1 (2)'!$D$69*('Sheet1 (2)'!$D$72-rave_index)/'Sheet1 (2)'!$D$72,IF(shee2!D39='Sheet1 (2)'!$C$70,'Sheet1 (2)'!$D$70*('Sheet1 (2)'!$D$72-rave_index)/'Sheet1 (2)'!$D$72,IF(shee2!D39='Sheet1 (2)'!$C$71,'Sheet1 (2)'!$D$71*('Sheet1 (2)'!$D$72-rave_index)/'Sheet1 (2)'!$D$72)))<0,0,IF(D39='Sheet1 (2)'!$C$69,'Sheet1 (2)'!$D$69*('Sheet1 (2)'!$D$72-rave_index)/'Sheet1 (2)'!$D$72,IF(shee2!D39='Sheet1 (2)'!$C$70,'Sheet1 (2)'!$D$70*('Sheet1 (2)'!$D$72-rave_index)/'Sheet1 (2)'!$D$72,IF(shee2!D39='Sheet1 (2)'!$C$71,'Sheet1 (2)'!$D$71*('Sheet1 (2)'!$D$72-rave_index)/'Sheet1 (2)'!$D$72)))) -> 0 | AY39: =IF(IF(D39='Sheet1 (2)'!$C$69,'Sheet1 (2)'!$D$69*('Sheet1 (2)'!$D$72-rough_index)/'Sheet1 (2)'!$D$72,IF(shee2!D39='Sheet1 (2)'!$C$70,'Sheet1 (2)'!$D$70*('Sheet1 (2)'!$D$72-rough_index)/'Sheet1 (2)'!$D$72,IF(shee2!D39='Sheet1 (2)'!$C$71,'Sheet1 (2)'!$D$71*('Sheet1 (2)'!$D$72-rough_index)/'Sheet1 (2)'!$D$72)))<0,0,IF(D39='Sheet1 (2)'!$C$69,'Sheet1 (2)'!$D$69*('Sheet1 (2)'!$D$72-rough_index)/'Sheet1 (2)'!$D$72,IF(shee2!D39='Sheet1 (2)'!$C$70,'Sheet1 (2)'!$D$70*('Sheet1 (2)'!$D$72-rough_index)/'Sheet1 (2)'!$D$72,IF(shee2!D39='Sheet1 (2)'!$C$71,'Sheet1 (2)'!$D$71*('Sheet1 (2)'!$D$72-rough_index)/'Sheet1 (2)'!$D$72)))) -> 2.5 | AZ39: =+(AU39*'Sheet1 (2)'!$C$77)+(AV39*'Sheet1 (2)'!$C$78)+(AW39*'Sheet1 (2)'!$C$79)+(AX39*'Sheet1 (2)'!$C$80)+(AY39*'Sheet1 (2)'!$C$81) -> 1.75 | BA39: =IF(AZ39="",$AH39,IF(AZ39>=4,"Good",IF(AZ39>=2.5,"Fair",IF(AZ39>=1,"Poor",IF(AZ39>=0,"Very Poor",""))))) -> Poor | BE39: =IF(D39='Sheet1 (2)'!$C$61,'Sheet1 (2)'!$D$61*(counts^2)+'Sheet1 (2)'!$G$61*counts+'Sheet1 (2)'!$J$61,IF(D39='Sheet1 (2)'!$C$62,'Sheet1 (2)'!$D$62*counts+'Sheet1 (2)'!$G$62,IF(D39='Sheet1 (2)'!$C$63,'Sheet1 (2)'!$D$63*counts+'Sheet1 (2)'!$G$63,IF(D39='Sheet1 (2)'!$C$64,'Sheet1 (2)'!$D$64*counts+'Sheet1 (2)'!$G$64)))) -> 2.0984129
A40: N-5 | B40: NB | C40: 180 | D40: A | E40: 8 | F40: 1 | G40: A | H40: 0.5 | I40: A | J40: x | K40: x | L40: =VLOOKUP(CONCATENATE(J40,K40),'Sheet1 (2)'!$J$6:$K$26,2,FALSE) -> 0 | M40: c | N40: e | O40: =VLOOKUP(CONCATENATE(M40,N40),'Sheet1 (2)'!$L$6:$M$26,2,FALSE) -> 75 | P40: c | Q40: d | R40: =VLOOKUP(CONCATENATE(P40,Q40),'Sheet1 (2)'!$N$6:$O$26,2,FALSE) -> 56.25 | S40: c | T40: e | U40: =VLOOKUP(CONCATENATE(S40,T40),'Sheet1 (2)'!$P$6:$Q$26,2,FALSE) -> 75 | V40: c | W40: e | X40: =VLOOKUP(CONCATENATE(V40,W40),'Sheet1 (2)'!$R$6:$S$26,2,FALSE) -> 75 | Y40: d | Z40: d | AA40: =VLOOKUP(CONCATENATE(Y40,Z40),'Sheet1 (2)'!$T$6:$U$26,2,FALSE) -> 75 | AB40: x | AC40: x | AD40: =VLOOKUP(CONCATENATE(AB40,AC40),'Sheet1 (2)'!$X$6:$Y$26,2,FALSE) -> 0 | AE40: b | AF40: e | AG40: =VLOOKUP(CONCATENATE(AE40,AF40),'Sheet1 (2)'!$Z$6:$AA$26,2,FALSE) -> 66 | AK40: N-5 | AL40: NB | AM40: =C40 -> 180 | AQ40: 3.5111854 | AS40: =LOOKUP(rufmkm,'Sheet1 (2)'!$V$62:$V$71,'Sheet1 (2)'!$W$62:$W$71) -> 40 | AU40: =IF(IF(D40='Sheet1 (2)'!$C$69,'Sheet1 (2)'!$D$69*('Sheet1 (2)'!$D$72-rut_index)/'Sheet1 (2)'!$D$72,IF(shee2!D40='Sheet1 (2)'!$C$70,'Sheet1 (2)'!$D$70*('Sheet1 (2)'!$D$72-rut_index)/'Sheet1 (2)'!$D$72,IF(shee2!D40='Sheet1 (2)'!$C$71,'Sheet1 (2)'!$D$71*('Sheet1 (2)'!$D$72-rut_index)/'Sheet1 (2)'!$D$72)))<0,0,IF(D40='Sheet1 (2)'!$C$69,'Sheet1 (2)'!$D$69*('Sheet1 (2)'!$D$72-rut_index)/'Sheet1 (2)'!$D$72,IF(shee2!D40='Sheet1 (2)'!$C$70,'Sheet1 (2)'!$D$70*('Sheet1 (2)'!$D$72-rut_index)/'Sheet1 (2)'!$D$72,IF(shee2!D40='Sheet1 (2)'!$C$71,'Sheet1 (2)'!$D$71*('Sheet1 (2)'!$D$72-rut_index)/'Sheet1 (2)'!$D$72)))) -> 5 | AV40: =IF(IF(D40='Sheet1 (2)'!$C$69,'Sheet1 (2)'!$D$69*('Sheet1 (2)'!$D$72-crack_s_index)/'Sheet1 (2)'!$D$72,IF(shee2!D40='Sheet1 (2)'!$C$70,'Sheet1 (2)'!$D$70*('Sheet1 (2)'!$D$72-crack_s_index)/'Sheet1 (2)'!$D$72,IF(shee2!D40='Sheet1 (2)'!$C$71,'Sheet1 (2)'!$D$71*('Sheet1 (2)'!$D$72-crack_s_index)/'Sheet1 (2)'!$D$72)))<0,0,IF(D40='Sheet1 (2)'!$C$69,'Sheet1 (2)'!$D$69*('Sheet1 (2)'!$D$72-crack_s_index)/'Sheet1 (2)'!$D$72,IF(shee2!D40='Sheet1 (2)'!$C$70,'Sheet1 (2)'!$D$70*('Sheet1 (2)'!$D$72-crack_s_index)/'Sheet1 (2)'!$D$72,IF(shee2!D40='Sheet1 (2)'!$C$71,'Sheet1 (2)'!$D$71*('Sheet1 (2)'!$D$72-crack_s_index)/'Sheet1 (2)'!$D$72)))) -> 0 | AW40: =IF(IF(D40='Sheet1 (2)'!$C$69,'Sheet1 (2)'!$D$69*('Sheet1 (2)'!$D$72-crack_t_index)/'Sheet1 (2)'!$D$72,IF(shee2!D40='Sheet1 (2)'!$C$70,'Sheet1 (2)'!$D$70*('Sheet1 (2)'!$D$72-crack_t_index)/'Sheet1 (2)'!$D$72,IF(shee2!D40='Sheet1 (2)'!$C$71,'Sheet1 (2)'!$D$71*('Sheet1 (2)'!$D$72-crack_t_index)/'Sheet1 (2)'!$D$72)))<0,0,IF(D40='Sheet1 (2)'!$C$69,'Sheet1 (2)'!$D$69*('Sheet1 (2)'!$D$72-crack_t_index)/'Sheet1 (2)'!$D$72,IF(shee2!D40='Sheet1 (2)'!$C$70,'Sheet1 (2)'!$D$70*('Sheet1 (2)'!$D$72-crack_t_index)/'Sheet1 (2)'!$D$72,IF(shee2!D40='Sheet1 (2)'!$C$71,'Sheet1 (2)'!$D$71*('Sheet1 (2)'!$D$72-crack_t_index)/'Sheet1 (2)'!$D$72)))) -> 0.3125 | AX40: =IF(IF(D40='Sheet1 (2)'!$C$69,'Sheet1 (2)'!$D$69*('Sheet1 (2)'!$D$72-rave_index)/'Sheet1 (2)'!$D$72,IF(shee2!D40='Sheet1 (2)'!$C$70,'Sheet1 (2)'!$D$70*('Sheet1 (2)'!$D$72-rave_index)/'Sheet1 (2)'!$D$72,IF(shee2!D40='Sheet1 (2)'!$C$71,'Sheet1 (2)'!$D$71*('Sheet1 (2)'!$D$72-rave_index)/'Sheet1 (2)'!$D$72)))<0,0,IF(D40='Sheet1 (2)'!$C$69,'Sheet1 (2)'!$D$69*('Sheet1 (2)'!$D$72-rave_index)/'Sheet1 (2)'!$D$72,IF(shee2!D40='Sheet1 (2)'!$C$70,'Sheet1 (2)'!$D$70*('Sheet1 (2)'!$D$72-rave_index)/'Sheet1 (2)'!$D$72,IF(shee2!D40='Sheet1 (2)'!$C$71,'Sheet1 (2)'!$D$71*('Sheet1 (2)'!$D$72-rave_index)/'Sheet1 (2)'!$D$72)))) -> 0 | AY40: =IF(IF(D40='Sheet1 (2)'!$C$69,'Sheet1 (2)'!$D$69*('Sheet1 (2)'!$D$72-rough_index)/'Sheet1 (2)'!$D$72,IF(shee2!D40='Sheet1 (2)'!$C$70,'Sheet1 (2)'!$D$70*('Sheet1 (2)'!$D$72-rough_index)/'Sheet1 (2)'!$D$72,IF(shee2!D40='Sheet1 (2)'!$C$71,'Sheet1 (2)'!$D$71*('Sheet1 (2)'!$D$72-rough_index)/'Sheet1 (2)'!$D$72)))<0,0,IF(D40='Sheet1 (2)'!$C$69,'Sheet1 (2)'!$D$69*('Sheet1 (2)'!$D$72-rough_index)/'Sheet1 (2)'!$D$72,IF(shee2!D40='Sheet1 (2)'!$C$70,'Sheet1 (2)'!$D$70*('Sheet1 (2)'!$D$72-rough_index)/'Sheet1 (2)'!$D$72,IF(shee2!D40='Sheet1 (2)'!$C$71,'Sheet1 (2)'!$D$71*('Sheet1 (2)'!$D$72-rough_index)/'Sheet1 (2)'!$D$72)))) -> 1.6666667 | AZ40: =+(AU40*'Sheet1 (2)'!$C$77)+(AV40*'Sheet1 (2)'!$C$78)+(AW40*'Sheet1 (2)'!$C$79)+(AX40*'Sheet1 (2)'!$C$80)+(AY40*'Sheet1 (2)'!$C$81) -> 1.5125 | BA40: =IF(AZ40="",$AH40,IF(AZ40>=4,"Good",IF(AZ40>=2.5,"Fair",IF(AZ40>=1,"Poor",IF(AZ40>=0,"Very Poor",""))))) -> Poor | BE40: =IF(D40='Sheet1 (2)'!$C$61,'Sheet1 (2)'!$D$61*(counts^2)+'Sheet1 (2)'!$G$61*counts+'Sheet1 (2)'!$J$61,IF(D40='Sheet1 (2)'!$C$62,'Sheet1 (2)'!$D$62*counts+'Sheet1 (2)'!$G$62,IF(D40='Sheet1 (2)'!$C$63,'Sheet1 (2)'!$D$63*counts+'Sheet1 (2)'!$G$63,IF(D40='Sheet1 (2)'!$C$64,'Sheet1 (2)'!$D$64*counts+'Sheet1 (2)'!$G$64)))) -> 2.0984129
A41: N-5 | B41: NB | C41: 181 | D41: A | E41: 8 | F41: 1 | G41: A | H41: 0.5 | I41: A | J41: b | K41: d | L41: =VLOOKUP(CONCATENATE(J41,K41),'Sheet1 (2)'!$J$6:$K$26,2,FALSE) -> 37.5 | M41: c | N41: a | O41: =VLOOKUP(CONCATENATE(M41,N41),'Sheet1 (2)'!$L$6:$M$26,2,FALSE) -> 7.5 | P41: c | Q41: a | R41: =VLOOKUP(CONCATENATE(P41,Q41),'Sheet1 (2)'!$N$6:$O$26,2,FALSE) -> 7.5 | S41: x | T41: x | U41: =VLOOKUP(CONCATENATE(S41,T41),'Sheet1 (2)'!$P$6:$Q$26,2,FALSE) -> 0 | V41: x | W41: x | X41: =VLOOKUP(CONCATENATE(V41,W41),'Sheet1 (2)'!$R$6:$S$26,2,FALSE) -> 0 | Y41: x | Z41: x | AA41: =VLOOKUP(CONCATENATE(Y41,Z41),'Sheet1 (2)'!$T$6:$U$26,2,FALSE) -> 0 | AB41: x | AC41: x | AD41: =VLOOKUP(CONCATENATE(AB41,AC41),'Sheet1 (2)'!$X$6:$Y$26,2,FALSE) -> 0 | AE41: b | AF41: e | AG41: =VLOOKUP(CONCATENATE(AE41,AF41),'Sheet1 (2)'!$Z$6:$AA$26,2,FALSE) -> 66 | AK41: N-5 | AL41: NB | AM41: =C41 -> 181 | AQ41: 4.6699972 | AS41: =LOOKUP(rufmkm,'Sheet1 (2)'!$V$62:$V$71,'Sheet1 (2)'!$W$62:$W$71) -> 50 | AU41: =IF(IF(D41='Sheet1 (2)'!$C$69,'Sheet1 (2)'!$D$69*('Sheet1 (2)'!$D$72-rut_index)/'Sheet1 (2)'!$D$72,IF(shee2!D41='Sheet1 (2)'!$C$70,'Sheet1 (2)'!$D$70*('Sheet1 (2)'!$D$72-rut_index)/'Sheet1 (2)'!$D$72,IF(shee2!D41='Sheet1 (2)'!$C$71,'Sheet1 (2)'!$D$71*('Sheet1 (2)'!$D$72-rut_index)/'Sheet1 (2)'!$D$72)))<0,0,IF(D41='Sheet1 (2)'!$C$69,'Sheet1 (2)'!$D$69*('Sheet1 (2)'!$D$72-rut_index)/'Sheet1 (2)'!$D$72,IF(shee2!D41='Sheet1 (2)'!$C$70,'Sheet1 (2)'!$D$70*('Sheet1 (2)'!$D$72-rut_index)/'Sheet1 (2)'!$D$72,IF(shee2!D41='Sheet1 (2)'!$C$71,'Sheet1 (2)'!$D$71*('Sheet1 (2)'!$D$72-rut_index)/'Sheet1 (2)'!$D$72)))) -> 1.875 | AV41: =IF(IF(D41='Sheet1 (2)'!$C$69,'Sheet1 (2)'!$D$69*('Sheet1 (2)'!$D$72-crack_s_index)/'Sheet1 (2)'!$D$72,IF(shee2!D41='Sheet1 (2)'!$C$70,'Sheet1 (2)'!$D$70*('Sheet1 (2)'!$D$72-crack_s_index)/'Sheet1 (2)'!$D$72,IF(shee2!D41='Sheet1 (2)'!$C$71,'Sheet1 (2)'!$D$71*('Sheet1 (2)'!$D$72-crack_s_index)/'Sheet1 (2)'!$D$72)))<0,0,IF(D41='Sheet1 (2)'!$C$69,'Sheet1 (2)'!$D$69*('Sheet1 (2)'!$D$72-crack_s_index)/'Sheet1 (2)'!$D$72,IF(shee2!D41='Sheet1 (2)'!$C$70,'Sheet1 (2)'!$D$70*('Sheet1 (2)'!$D$72-crack_s_index)/'Sheet1 (2)'!$D$72,IF(shee2!D41='Sheet1 (2)'!$C$71,'Sheet1 (2)'!$D$71*('Sheet1 (2)'!$D$72-crack_s_index)/'Sheet1 (2)'!$D$72)))) -> 4.375 | AW41: =IF(IF(D41='Sheet1 (2)'!$C$69,'Sheet1 (2)'!$D$69*('Sheet1 (2)'!$D$72-crack_t_index)/'Sheet1 (2)'!$D$72,IF(shee2!D41='Sheet1 (2)'!$C$70,'Sheet1 (2)'!$D$70*('Sheet1 (2)'!$D$72-crack_t_index)/'Sheet1 (2)'!$D$72,IF(shee2!D41='Sheet1 (2)'!$C$71,'Sheet1 (2)'!$D$71*('Sheet1 (2)'!$D$72-crack_t_index)/'Sheet1 (2)'!$D$72)))<0,0,IF(D41='Sheet1 (2)'!$C$69,'Sheet1 (2)'!$D$69*('Sheet1 (2)'!$D$72-crack_t_index)/'Sheet1 (2)'!$D$72,IF(shee2!D41='Sheet1 (2)'!$C$70,'Sheet1 (2)'!$D$70*('Sheet1 (2)'!$D$72-crack_t_index)/'Sheet1 (2)'!$D$72,IF(shee2!D41='Sheet1 (2)'!$C$71,'Sheet1 (2)'!$D$71*('Sheet1 (2)'!$D$72-crack_t_index)/'Sheet1 (2)'!$D$72)))) -> 4.375 | AX41: =IF(IF(D41='Sheet1 (2)'!$C$69,'Sheet1 (2)'!$D$69*('Sheet1 (2)'!$D$72-rave_index)/'Sheet1 (2)'!$D$72,IF(shee2!D41='Sheet1 (2)'!$C$70,'Sheet1 (2)'!$D$70*('Sheet1 (2)'!$D$72-rave_index)/'Sheet1 (2)'!$D$72,IF(shee2!D41='Sheet1 (2)'!$C$71,'Sheet1 (2)'!$D$71*('Sheet1 (2)'!$D$72-rave_index)/'Sheet1 (2)'!$D$72)))<0,0,IF(D41='Sheet1 (2)'!$C$69,'Sheet1 (2)'!$D$69*('Sheet1 (2)'!$D$72-rave_index)/'Sheet1 (2)'!$D$72,IF(shee2!D41='Sheet1 (2)'!$C$70,'Sheet1 (2)'!$D$70*('Sheet1 (2)'!$D$72-rave_index)/'Sheet1 (2)'!$D$72,IF(shee2!D41='Sheet1 (2)'!$C$71,'Sheet1 (2)'!$D$71*('Sheet1 (2)'!$D$72-rave_index)/'Sheet1 (2)'!$D$72)))) -> 5 | AY41: =IF(IF(D41='Sheet1 (2)'!$C$69,'Sheet1 (2)'!$D$69*('Sheet1 (2)'!$D$72-rough_index)/'Sheet1 (2)'!$D$72,IF(shee2!D41='Sheet1 (2)'!$C$70,'Sheet1 (2)'!$D$70*('Sheet1 (2)'!$D$72-rough_index)/'Sheet1 (2)'!$D$72,IF(shee2!D41='Sheet1 (2)'!$C$71,'Sheet1 (2)'!$D$71*('Sheet1 (2)'!$D$72-rough_index)/'Sheet1 (2)'!$D$72)))<0,0,IF(D41='Sheet1 (2)'!$C$69,'Sheet1 (2)'!$D$69*('Sheet1 (2)'!$D$72-rough_index)/'Sheet1 (2)'!$D$72,IF(shee2!D41='Sheet1 (2)'!$C$70,'Sheet1 (2)'!$D$70*('Sheet1 (2)'!$D$72-rough_index)/'Sheet1 (2)'!$D$72,IF(shee2!D41='Sheet1 (2)'!$C$71,'Sheet1 (2)'!$D$71*('Sheet1 (2)'!$D$72-rough_index)/'Sheet1 (2)'!$D$72)))) -> 0.83333333 | AZ41: =+(AU41*'Sheet1 (2)'!$C$77)+(AV41*'Sheet1 (2)'!$C$78)+(AW41*'Sheet1 (2)'!$C$79)+(AX41*'Sheet1 (2)'!$C$80)+(AY41*'Sheet1 (2)'!$C$81) -> 2.875 | BA41: =IF(AZ41="",$AH41,IF(AZ41>=4,"Good",IF(AZ41>=2.5,"Fair",IF(AZ41>=1,"Poor",IF(AZ41>=0,"Very Poor",""))))) -> Fair | BE41: =IF(D41='Sheet1 (2)'!$C$61,'Sheet1 (2)'!$D$61*(counts^2)+'Sheet1 (2)'!$G$61*counts+'Sheet1 (2)'!$J$61,IF(D41='Sheet1 (2)'!$C$62,'Sheet1 (2)'!$D$62*counts+'Sheet1 (2)'!$G$62,IF(D41='Sheet1 (2)'!$C$63,'Sheet1 (2)'!$D$63*counts+'Sheet1 (2)'!$G$63,IF(D41='Sheet1 (2)'!$C$64,'Sheet1 (2)'!$D$64*counts+'Sheet1 (2)'!$G$64)))) -> 2.0984129
A42: N-5 | B42: NB | C42: 182 | D42: A | E42: 8 | F42: 1 | G42: A | H42: 0.5 | I42: A | J42: c | K42: c | L42: =VLOOKUP(CONCATENATE(J42,K42),'Sheet1 (2)'!$J$6:$K$26,2,FALSE) -> 37.5 | M42: x | N42: x | O42: =VLOOKUP(CONCATENATE(M42,N42),'Sheet1 (2)'!$L$6:$M$26,2,FALSE) -> 0 | P42: x | Q42: x | R42: =VLOOKUP(CONCATENATE(P42,Q42),'Sheet1 (2)'!$N$6:$O$26,2,FALSE) -> 0 | S42: x | T42: x | U42: =VLOOKUP(CONCATENATE(S42,T42),'Sheet1 (2)'!$P$6:$Q$26,2,FALSE) -> 0 | V42: x | W42: x | X42: =VLOOKUP(CONCATENATE(V42,W42),'Sheet1 (2)'!$R$6:$S$26,2,FALSE) -> 0 | Y42: x | Z42: x | AA42: =VLOOKUP(CONCATENATE(Y42,Z42),'Sheet1 (2)'!$T$6:$U$26,2,FALSE) -> 0 | AB42: x | AC42: x | AD42: =VLOOKUP(CONCATENATE(AB42,AC42),'Sheet1 (2)'!$X$6:$Y$26,2,FALSE) -> 0 | AE42: b | AF42: e | AG42: =VLOOKUP(CONCATENATE(AE42,AF42),'Sheet1 (2)'!$Z$6:$AA$26,2,FALSE) -> 66 | AK42: N-5 | AL42: NB | AM42: =C42 -> 182 | AQ42: 1.7066465 | AS42: =LOOKUP(rufmkm,'Sheet1 (2)'!$V$62:$V$71,'Sheet1 (2)'!$W$62:$W$71) -> 20 | AU42: =IF(IF(D42='Sheet1 (2)'!$C$69,'Sheet1 (2)'!$D$69*('Sheet1 (2)'!$D$72-rut_index)/'Sheet1 (2)'!$D$72,IF(shee2!D42='Sheet1 (2)'!$C$70,'Sheet1 (2)'!$D$70*('Sheet1 (2)'!$D$72-rut_index)/'Sheet1 (2)'!$D$72,IF(shee2!D42='Sheet1 (2)'!$C$71,'Sheet1 (2)'!$D$71*('Sheet1 (2)'!$D$72-rut_index)/'Sheet1 (2)'!$D$72)))<0,0,IF(D42='Sheet1 (2)'!$C$69,'Sheet1 (2)'!$D$69*('Sheet1 (2)'!$D$72-rut_index)/'Sheet1 (2)'!$D$72,IF(shee2!D42='Sheet1 (2)'!$C$70,'Sheet1 (2)'!$D$70*('Sheet1 (2)'!$D$72-rut_index)/'Sheet1 (2)'!$D$72,IF(shee2!D42='Sheet1 (2)'!$C$71,'Sheet1 (2)'!$D$71*('Sheet1 (2)'!$D$72-rut_index)/'Sheet1 (2)'!$D$72)))) -> 1.875 | AV42: =IF(IF(D42='Sheet1 (2)'!$C$69,'Sheet1 (2)'!$D$69*('Sheet1 (2)'!$D$72-crack_s_index)/'Sheet1 (2)'!$D$72,IF(shee2!D42='Sheet1 (2)'!$C$70,'Sheet1 (2)'!$D$70*('Sheet1 (2)'!$D$72-crack_s_index)/'Sheet1 (2)'!$D$72,IF(shee2!D42='Sheet1 (2)'!$C$71,'Sheet1 (2)'!$D$71*('Sheet1 (2)'!$D$72-crack_s_index)/'Sheet1 (2)'!$D$72)))<0,0,IF(D42='Sheet1 (2)'!$C$69,'Sheet1 (2)'!$D$69*('Sheet1 (2)'!$D$72-crack_s_index)/'Sheet1 (2)'!$D$72,IF(shee2!D42='Sheet1 (2)'!$C$70,'Sheet1 (2)'!$D$70*('Sheet1 (2)'!$D$72-crack_s_index)/'Sheet1 (2)'!$D$72,IF(shee2!D42='Sheet1 (2)'!$C$71,'Sheet1 (2)'!$D$71*('Sheet1 (2)'!$D$72-crack_s_index)/'Sheet1 (2)'!$D$72)))) -> 5 | AW42: =IF(IF(D42='Sheet1 (2)'!$C$69,'Sheet1 (2)'!$D$69*('Sheet1 (2)'!$D$72-crack_t_index)/'Sheet1 (2)'!$D$72,IF(shee2!D42='Sheet1 (2)'!$C$70,'Sheet1 (2)'!$D$70*('Sheet1 (2)'!$D$72-crack_t_index)/'Sheet1 (2)'!$D$72,IF(shee2!D42='Sheet1 (2)'!$C$71,'Sheet1 (2)'!$D$71*('Sheet1 (2)'!$D$72-crack_t_index)/'Sheet1 (2)'!$D$72)))<0,0,IF(D42='Sheet1 (2)'!$C$69,'Sheet1 (2)'!$D$69*('Sheet1 (2)'!$D$72-crack_t_index)/'Sheet1 (2)'!$D$72,IF(shee2!D42='Sheet1 (2)'!$C$70,'Sheet1 (2)'!$D$70*('Sheet1 (2)'!$D$72-crack_t_index)/'Sheet1 (2)'!$D$72,IF(shee2!D42='Sheet1 (2)'!$C$71,'Sheet1 (2)'!$D$71*('Sheet1 (2)'!$D$72-crack_t_index)/'Sheet1 (2)'!$D$72)))) -> 5 | AX42: =IF(IF(D42='Sheet1 (2)'!$C$69,'Sheet1 (2)'!$D$69*('Sheet1 (2)'!$D$72-rave_index)/'Sheet1 (2)'!$D$72,IF(shee2!D42='Sheet1 (2)'!$C$70,'Sheet1 (2)'!$D$70*('Sheet1 (2)'!$D$72-rave_index)/'Sheet1 (2)'!$D$72,IF(shee2!D42='Sheet1 (2)'!$C$71,'Sheet1 (2)'!$D$71*('Sheet1 (2)'!$D$72-rave_index)/'Sheet1 (2)'!$D$72)))<0,0,IF(D42='Sheet1 (2)'!$C$69,'Sheet1 (2)'!$D$69*('Sheet1 (2)'!$D$72-rave_index)/'Sheet1 (2)'!$D$72,IF(shee2!D42='Sheet1 (2)'!$C$70,'Sheet1 (2)'!$D$70*('Sheet1 (2)'!$D$72-rave_index)/'Sheet1 (2)'!$D$72,IF(shee2!D42='Sheet1 (2)'!$C$71,'Sheet1 (2)'!$D$71*('Sheet1 (2)'!$D$72-rave_index)/'Sheet1 (2)'!$D$72)))) -> 5 | AY42: =IF(IF(D42='Sheet1 (2)'!$C$69,'Sheet1 (2)'!$D$69*('Sheet1 (2)'!$D$72-rough_index)/'Sheet1 (2)'!$D$72,IF(shee2!D42='Sheet1 (2)'!$C$70,'Sheet1 (2)'!$D$70*('Sheet1 (2)'!$D$72-rough_index)/'Sheet1 (2)'!$D$72,IF(shee2!D42='Sheet1 (2)'!$C$71,'Sheet1 (2)'!$D$71*('Sheet1 (2)'!$D$72-rough_index)/'Sheet1 (2)'!$D$72)))<0,0,IF(D42='Sheet1 (2)'!$C$69,'Sheet1 (2)'!$D$69*('Sheet1 (2)'!$D$72-rough_index)/'Sheet1 (2)'!$D$72,IF(shee2!D42='Sheet1 (2)'!$C$70,'Sheet1 (2)'!$D$70*('Sheet1 (2)'!$D$72-rough_index)/'Sheet1 (2)'!$D$72,IF(shee2!D42='Sheet1 (2)'!$C$71,'Sheet1 (2)'!$D$71*('Sheet1 (2)'!$D$72-rough_index)/'Sheet1 (2)'!$D$72)))) -> 3.3333333 | AZ42: =+(AU42*'Sheet1 (2)'!$C$77)+(AV42*'Sheet1 (2)'!$C$78)+(AW42*'Sheet1 (2)'!$C$79)+(AX42*'Sheet1 (2)'!$C$80)+(AY42*'Sheet1 (2)'!$C$81) -> 3.875 | BA42: =IF(AZ42="",$AH42,IF(AZ42>=4,"Good",IF(AZ42>=2.5,"Fair",IF(AZ42>=1,"Poor",IF(AZ42>=0,"Very Poor",""))))) -> Fair | BE42: =IF(D42='Sheet1 (2)'!$C$61,'Sheet1 (2)'!$D$61*(counts^2)+'Sheet1 (2)'!$G$61*counts+'Sheet1 (2)'!$J$61,IF(D42='Sheet1 (2)'!$C$62,'Sheet1 (2)'!$D$62*counts+'Sheet1 (2)'!$G$62,IF(D42='Sheet1 (2)'!$C$63,'Sheet1 (2)'!$D$63*counts+'Sheet1 (2)'!$G$63,IF(D42='Sheet1 (2)'!$C$64,'Sheet1 (2)'!$D$64*counts+'Sheet1 (2)'!$G$64)))) -> 2.0984129
A43: N-5 | B43: NB | C43: 183 | D43: A | E43: 8 | F43: 1 | G43: A | H43: 0.5 | I43: A | J43: a | K43: d | L43: =VLOOKUP(CONCATENATE(J43,K43),'Sheet1 (2)'!$J$6:$K$26,2,FALSE) -> 18.75 | M43: x | N43: x | O43: =VLOOKUP(CONCATENATE(M43,N43),'Sheet1 (2)'!$L$6:$M$26,2,FALSE) -> 0 | P43: x | Q43: x | R43: =VLOOKUP(CONCATENATE(P43,Q43),'Sheet1 (2)'!$N$6:$O$26,2,FALSE) -> 0 | S43: x | T43: x | U43: =VLOOKUP(CONCATENATE(S43,T43),'Sheet1 (2)'!$P$6:$Q$26,2,FALSE) -> 0 | V43: x | W43: x | X43: =VLOOKUP(CONCATENATE(V43,W43),'Sheet1 (2)'!$R$6:$S$26,2,FALSE) -> 0 | Y43: x | Z43: x | AA43: =VLOOKUP(CONCATENATE(Y43,Z43),'Sheet1 (2)'!$T$6:$U$26,2,FALSE) -> 0 | AB43: x | AC43: x | AD43: =VLOOKUP(CONCATENATE(AB43,AC43),'Sheet1 (2)'!$X$6:$Y$26,2,FALSE) -> 0 | AE43: b | AF43: e | AG43: =VLOOKUP(CONCATENATE(AE43,AF43),'Sheet1 (2)'!$Z$6:$AA$26,2,FALSE) -> 66 | AK43: N-5 | AL43: NB | AM43: =C43 -> 183 | AQ43: 1.9573891 | AS43: =LOOKUP(rufmkm,'Sheet1 (2)'!$V$62:$V$71,'Sheet1 (2)'!$W$62:$W$71) -> 20 | AU43: =IF(IF(D43='Sheet1 (2)'!$C$69,'Sheet1 (2)'!$D$69*('Sheet1 (2)'!$D$72-rut_index)/'Sheet1 (2)'!$D$72,IF(shee2!D43='Sheet1 (2)'!$C$70,'Sheet1 (2)'!$D$70*('Sheet1 (2)'!$D$72-rut_index)/'Sheet1 (2)'!$D$72,IF(shee2!D43='Sheet1 (2)'!$C$71,'Sheet1 (2)'!$D$71*('Sheet1 (2)'!$D$72-rut_index)/'Sheet1 (2)'!$D$72)))<0,0,IF(D43='Sheet1 (2)'!$C$69,'Sheet1 (2)'!$D$69*('Sheet1 (2)'!$D$72-rut_index)/'Sheet1 (2)'!$D$72,IF(shee2!D43='Sheet1 (2)'!$C$70,'Sheet1 (2)'!$D$70*('Sheet1 (2)'!$D$72-rut_index)/'Sheet1 (2)'!$D$72,IF(shee2!D43='Sheet1 (2)'!$C$71,'Sheet1 (2)'!$D$71*('Sheet1 (2)'!$D$72-rut_index)/'Sheet1 (2)'!$D$72)))) -> 3.4375 | AV43: =IF(IF(D43='Sheet1 (2)'!$C$69,'Sheet1 (2)'!$D$69*('Sheet1 (2)'!$D$72-crack_s_index)/'Sheet1 (2)'!$D$72,IF(shee2!D43='Sheet1 (2)'!$C$70,'Sheet1 (2)'!$D$70*('Sheet1 (2)'!$D$72-crack_s_index)/'Sheet1 (2)'!$D$72,IF(shee2!D43='Sheet1 (2)'!$C$71,'Sheet1 (2)'!$D$71*('Sheet1 (2)'!$D$72-crack_s_index)/'Sheet1 (2)'!$D$72)))<0,0,IF(D43='Sheet1 (2)'!$C$69,'Sheet1 (2)'!$D$69*('Sheet1 (2)'!$D$72-crack_s_index)/'Sheet1 (2)'!$D$72,IF(shee2!D43='Sheet1 (2)'!$C$70,'Sheet1 (2)'!$D$70*('Sheet1 (2)'!$D$72-crack_s_index)/'Sheet1 (2)'!$D$72,IF(shee2!D43='Sheet1 (2)'!$C$71,'Sheet1 (2)'!$D$71*('Sheet1 (2)'!$D$72-crack_s_index)/'Sheet1 (2)'!$D$72)))) -> 5 | AW43: =IF(IF(D43='Sheet1 (2)'!$C$69,'Sheet1 (2)'!$D$69*('Sheet1 (2)'!$D$72-crack_t_index)/'Sheet1 (2)'!$D$72,IF(shee2!D43='Sheet1 (2)'!$C$70,'Sheet1 (2)'!$D$70*('Sheet1 (2)'!$D$72-crack_t_index)/'Sheet1 (2)'!$D$72,IF(shee2!D43='Sheet1 (2)'!$C$71,'Sheet1 (2)'!$D$71*('Sheet1 (2)'!$D$72-crack_t_index)/'Sheet1 (2)'!$D$72)))<0,0,IF(D43='Sheet1 (2)'!$C$69,'Sheet1 (2)'!$D$69*('Sheet1 (2)'!$D$72-crack_t_index)/'Sheet1 (2)'!$D$72,IF(shee2!D43='Sheet1 (2)'!$C$70,'Sheet1 (2)'!$D$70*('Sheet1 (2)'!$D$72-crack_t_index)/'Sheet1 (2)'!$D$72,IF(shee2!D43='Sheet1 (2)'!$C$71,'Sheet1 (2)'!$D$71*('Sheet1 (2)'!$D$72-crack_t_index)/'Sheet1 (2)'!$D$72)))) -> 5 | AX43: =IF(IF(D43='Sheet1 (2)'!$C$69,'Sheet1 (2)'!$D$69*('Sheet1 (2)'!$D$72-rave_index)/'Sheet1 (2)'!$D$72,IF(shee2!D43='Sheet1 (2)'!$C$70,'Sheet1 (2)'!$D$70*('Sheet1 (2)'!$D$72-rave_index)/'Sheet1 (2)'!$D$72,IF(shee2!D43='Sheet1 (2)'!$C$71,'Sheet1 (2)'!$D$71*('Sheet1 (2)'!$D$72-rave_index)/'Sheet1 (2)'!$D$72)))<0,0,IF(D43='Sheet1 (2)'!$C$69,'Sheet1 (2)'!$D$69*('Sheet1 (2)'!$D$72-rave_index)/'Sheet1 (2)'!$D$72,IF(shee2!D43='Sheet1 (2)'!$C$70,'Sheet1 (2)'!$D$70*('Sheet1 (2)'!$D$72-rave_index)/'Sheet1 (2)'!$D$72,IF(shee2!D43='Sheet1 (2)'!$C$71,'Sheet1 (2)'!$D$71*('Sheet1 (2)'!$D$72-rave_index)/'Sheet1 (2)'!$D$72)))) -> 5 | AY43: =IF(IF(D43='Sheet1 (2)'!$C$69,'Sheet1 (2)'!$D$69*('Sheet1 (2)'!$D$72-rough_index)/'Sheet1 (2)'!$D$72,IF(shee2!D43='Sheet1 (2)'!$C$70,'Sheet1 (2)'!$D$70*('Sheet1 (2)'!$D$72-rough_index)/'Sheet1 (2)'!$D$72,IF(shee2!D43='Sheet1 (2)'!$C$71,'Sheet1 (2)'!$D$71*('Sheet1 (2)'!$D$72-rough_index)/'Sheet1 (2)'!$D$72)))<0,0,IF(D43='Sheet1 (2)'!$C$69,'Sheet1 (2)'!$D$69*('Sheet1 (2)'!$D$72-rough_index)/'Sheet1 (2)'!$D$72,IF(shee2!D43='Sheet1 (2)'!$C$70,'Sheet1 (2)'!$D$70*('Sheet1 (2)'!$D$72-rough_index)/'Sheet1 (2)'!$D$72,IF(shee2!D43='Sheet1 (2)'!$C$71,'Sheet1 (2)'!$D$71*('Sheet1 (2)'!$D$72-rough_index)/'Sheet1 (2)'!$D$72)))) -> 3.3333333 | AZ43: =+(AU43*'Sheet1 (2)'!$C$77)+(AV43*'Sheet1 (2)'!$C$78)+(AW43*'Sheet1 (2)'!$C$79)+(AX43*'Sheet1 (2)'!$C$80)+(AY43*'Sheet1 (2)'!$C$81) -> 4.1875 | BA43: =IF(AZ43="",$AH43,IF(AZ43>=4,"Good",IF(AZ43>=2.5,"Fair",IF(AZ43>=1,"Poor",IF(AZ43>=0,"Very Poor",""))))) -> Good | BE43: =IF(D43='Sheet1 (2)'!$C$61,'Sheet1 (2)'!$D$61*(counts^2)+'Sheet1 (2)'!$G$61*counts+'Sheet1 (2)'!$J$61,IF(D43='Sheet1 (2)'!$C$62,'Sheet1 (2)'!$D$62*counts+'Sheet1 (2)'!$G$62,IF(D43='Sheet1 (2)'!$C$63,'Sheet1 (2)'!$D$63*counts+'Sheet1 (2)'!$G$63,IF(D43='Sheet1 (2)'!$C$64,'Sheet1 (2)'!$D$64*counts+'Sheet1 (2)'!$G$64)))) -> 2.0984129
A44: N-5 | B44: NB | C44: 184 | D44: A | E44: 8 | F44: 1 | G44: A | H44: 0.5 | I44: A | J44: c | K44: d | L44: =VLOOKUP(CONCATENATE(J44,K44),'Sheet1 (2)'!$J$6:$K$26,2,FALSE) -> 56.25 | M44: x | N44: x | O44: =VLOOKUP(CONCATENATE(M44,N44),'Sheet1 (2)'!$L$6:$M$26,2,FALSE) -> 0 | P44: x | Q44: x | R44: =VLOOKUP(CONCATENATE(P44,Q44),'Sheet1 (2)'!$N$6:$O$26,2,FALSE) -> 0 | S44: x | T44: x | U44: =VLOOKUP(CONCATENATE(S44,T44),'Sheet1 (2)'!$P$6:$Q$26,2,FALSE) -> 0 | V44: x | W44: x | X44: =VLOOKUP(CONCATENATE(V44,W44),'Sheet1 (2)'!$R$6:$S$26,2,FALSE) -> 0 | Y44: x | Z44: x | AA44: =VLOOKUP(CONCATENATE(Y44,Z44),'Sheet1 (2)'!$T$6:$U$26,2,FALSE) -> 0 | AB44: x | AC44: x | AD44: =VLOOKUP(CONCATENATE(AB44,AC44),'Sheet1 (2)'!$X$6:$Y$26,2,FALSE) -> 0 | AE44: b | AF44: e | AG44: =VLOOKUP(CONCATENATE(AE44,AF44),'Sheet1 (2)'!$Z$6:$AA$26,2,FALSE) -> 66 | AK44: N-5 | AL44: NB | AM44: =C44 -> 184 | AQ44: 2.200949 | AS44: =LOOKUP(rufmkm,'Sheet1 (2)'!$V$62:$V$71,'Sheet1 (2)'!$W$62:$W$71) -> 30 | AU44: =IF(IF(D44='Sheet1 (2)'!$C$69,'Sheet1 (2)'!$D$69*('Sheet1 (2)'!$D$72-rut_index)/'Sheet1 (2)'!$D$72,IF(shee2!D44='Sheet1 (2)'!$C$70,'Sheet1 (2)'!$D$70*('Sheet1 (2)'!$D$72-rut_index)/'Sheet1 (2)'!$D$72,IF(shee2!D44='Sheet1 (2)'!$C$71,'Sheet1 (2)'!$D$71*('Sheet1 (2)'!$D$72-rut_index)/'Sheet1 (2)'!$D$72)))<0,0,IF(D44='Sheet1 (2)'!$C$69,'Sheet1 (2)'!$D$69*('Sheet1 (2)'!$D$72-rut_index)/'Sheet1 (2)'!$D$72,IF(shee2!D44='Sheet1 (2)'!$C$70,'Sheet1 (2)'!$D$70*('Sheet1 (2)'!$D$72-rut_index)/'Sheet1 (2)'!$D$72,IF(shee2!D44='Sheet1 (2)'!$C$71,'Sheet1 (2)'!$D$71*('Sheet1 (2)'!$D$72-rut_index)/'Sheet1 (2)'!$D$72)))) -> 0.3125 | AV44: =IF(IF(D44='Sheet1 (2)'!$C$69,'Sheet1 (2)'!$D$69*('Sheet1 (2)'!$D$72-crack_s_index)/'Sheet1 (2)'!$D$72,IF(shee2!D44='Sheet1 (2)'!$C$70,'Sheet1 (2)'!$D$70*('Sheet1 (2)'!$D$72-crack_s_index)/'Sheet1 (2)'!$D$72,IF(shee2!D44='Sheet1 (2)'!$C$71,'Sheet1 (2)'!$D$71*('Sheet1 (2)'!$D$72-crack_s_index)/'Sheet1 (2)'!$D$72)))<0,0,IF(D44='Sheet1 (2)'!$C$69,'Sheet1 (2)'!$D$69*('Sheet1 (2)'!$D$72-crack_s_index)/'Sheet1 (2)'!$D$72,IF(shee2!D44='Sheet1 (2)'!$C$70,'Sheet1 (2)'!$D$70*('Sheet1 (2)'!$D$72-crack_s_index)/'Sheet1 (2)'!$D$72,IF(shee2!D44='Sheet1 (2)'!$C$71,'Sheet1 (2)'!$D$71*('Sheet1 (2)'!$D$72-crack_s_index)/'Sheet1 (2)'!$D$72)))) -> 5 | AW44: =IF(IF(D44='Sheet1 (2)'!$C$69,'Sheet1 (2)'!$D$69*('Sheet1 (2)'!$D$72-crack_t_index)/'Sheet1 (2)'!$D$72,IF(shee2!D44='Sheet1 (2)'!$C$70,'Sheet1 (2)'!$D$70*('Sheet1 (2)'!$D$72-crack_t_index)/'Sheet1 (2)'!$D$72,IF(shee2!D44='Sheet1 (2)'!$C$71,'Sheet1 (2)'!$D$71*('Sheet1 (2)'!$D$72-crack_t_index)/'Sheet1 (2)'!$D$72)))<0,0,IF(D44='Sheet1 (2)'!$C$69,'Sheet1 (2)'!$D$69*('Sheet1 (2)'!$D$72-crack_t_index)/'Sheet1 (2)'!$D$72,IF(shee2!D44='Sheet1 (2)'!$C$70,'Sheet1 (2)'!$D$70*('Sheet1 (2)'!$D$72-crack_t_index)/'Sheet1 (2)'!$D$72,IF(shee2!D44='Sheet1 (2)'!$C$71,'Sheet1 (2)'!$D$71*('Sheet1 (2)'!$D$72-crack_t_index)/'Sheet1 (2)'!$D$72)))) -> 5 | AX44: =IF(IF(D44='Sheet1 (2)'!$C$69,'Sheet1 (2)'!$D$69*('Sheet1 (2)'!$D$72-rave_index)/'Sheet1 (2)'!$D$72,IF(shee2!D44='Sheet1 (2)'!$C$70,'Sheet1 (2)'!$D$70*('Sheet1 (2)'!$D$72-rave_index)/'Sheet1 (2)'!$D$72,IF(shee2!D44='Sheet1 (2)'!$C$71,'Sheet1 (2)'!$D$71*('Sheet1 (2)'!$D$72-rave_index)/'Sheet1 (2)'!$D$72)))<0,0,IF(D44='Sheet1 (2)'!$C$69,'Sheet1 (2)'!$D$69*('Sheet1 (2)'!$D$72-rave_index)/'Sheet1 (2)'!$D$72,IF(shee2!D44='Sheet1 (2)'!$C$70,'Sheet1 (2)'!$D$70*('Sheet1 (2)'!$D$72-rave_index)/'Sheet1 (2)'!$D$72,IF(shee2!D44='Sheet1 (2)'!$C$71,'Sheet1 (2)'!$D$71*('Sheet1 (2)'!$D$72-rave_index)/'Sheet1 (2)'!$D$72)))) -> 5 | AY44: =IF(IF(D44='Sheet1 (2)'!$C$69,'Sheet1 (2)'!$D$69*('Sheet1 (2)'!$D$72-rough_index)/'Sheet1 (2)'!$D$72,IF(shee2!D44='Sheet1 (2)'!$C$70,'Sheet1 (2)'!$D$70*('Sheet1 (2)'!$D$72-rough_index)/'Sheet1 (2)'!$D$72,IF(shee2!D44='Sheet1 (2)'!$C$71,'Sheet1 (2)'!$D$71*('Sheet1 (2)'!$D$72-rough_index)/'Sheet1 (2)'!$D$72)))<0,0,IF(D44='Sheet1 (2)'!$C$69,'Sheet1 (2)'!$D$69*('Sheet1 (2)'!$D$72-rough_index)/'Sheet1 (2)'!$D$72,IF(shee2!D44='Sheet1 (2)'!$C$70,'Sheet1 (2)'!$D$70*('Sheet1 (2)'!$D$72-rough_index)/'Sheet1 (2)'!$D$72,IF(shee2!D44='Sheet1 (2)'!$C$71,'Sheet1 (2)'!$D$71*('Sheet1 (2)'!$D$72-rough_index)/'Sheet1 (2)'!$D$72)))) -> 2.5 | AZ44: =+(AU44*'Sheet1 (2)'!$C$77)+(AV44*'Sheet1 (2)'!$C$78)+(AW44*'Sheet1 (2)'!$C$79)+(AX44*'Sheet1 (2)'!$C$80)+(AY44*'Sheet1 (2)'!$C$81) -> 3.3125 | BA44: =IF(AZ44="",$AH44,IF(AZ44>=4,"Good",IF(AZ44>=2.5,"Fair",IF(AZ44>=1,"Poor",IF(AZ44>=0,"Very Poor",""))))) -> Fair | BE44: =IF(D44='Sheet1 (2)'!$C$61,'Sheet1 (2)'!$D$61*(counts^2)+'Sheet1 (2)'!$G$61*counts+'Sheet1 (2)'!$J$61,IF(D44='Sheet1 (2)'!$C$62,'Sheet1 (2)'!$D$62*counts+'Sheet1 (2)'!$G$62,IF(D44='Sheet1 (2)'!$C$63,'Sheet1 (2)'!$D$63*counts+'Sheet1 (2)'!$G$63,IF(D44='Sheet1 (2)'!$C$64,'Sheet1 (2)'!$D$64*counts+'Sheet1 (2)'!$G$64)))) -> 2.0984129
A45: N-5 | B45: NB | C45: 185 | D45: A | E45: 8 | F45: 1 | G45: A | H45: 0.5 | I45: A | J45: x | K45: x | L45: =VLOOKUP(CONCATENATE(J45,K45),'Sheet1 (2)'!$J$6:$K$26,2,FALSE) -> 0 | M45: x | N45: x | O45: =VLOOKUP(CONCATENATE(M45,N45),'Sheet1 (2)'!$L$6:$M$26,2,FALSE) -> 0 | P45: x | Q45: x | R45: =VLOOKUP(CONCATENATE(P45,Q45),'Sheet1 (2)'!$N$6:$O$26,2,FALSE) -> 0 | S45: x | T45: x | U45: =VLOOKUP(CONCATENATE(S45,T45),'Sheet1 (2)'!$P$6:$Q$26,2,FALSE) -> 0 | V45: x | W45: x | X45: =VLOOKUP(CONCATENATE(V45,W45),'Sheet1 (2)'!$R$6:$S$26,2,FALSE) -> 0 | Y45: x | Z45: x | AA45: =VLOOKUP(CONCATENATE(Y45,Z45),'Sheet1 (2)'!$T$6:$U$26,2,FALSE) -> 0 | AB45: x | AC45: x | AD45: =VLOOKUP(CONCATENATE(AB45,AC45),'Sheet1 (2)'!$X$6:$Y$26,2,FALSE) -> 0 | AE45: b | AF45: e | AG45: =VLOOKUP(CONCATENATE(AE45,AF45),'Sheet1 (2)'!$Z$6:$AA$26,2,FALSE) -> 66 | AK45: N-5 | AL45: NB | AM45: =C45 -> 185 | AQ45: 3.0669278 | AS45: =LOOKUP(rufmkm,'Sheet1 (2)'!$V$62:$V$71,'Sheet1 (2)'!$W$62:$W$71) -> 40 | AU45: =IF(IF(D45='Sheet1 (2)'!$C$69,'Sheet1 (2)'!$D$69*('Sheet1 (2)'!$D$72-rut_index)/'Sheet1 (2)'!$D$72,IF(shee2!D45='Sheet1 (2)'!$C$70,'Sheet1 (2)'!$D$70*('Sheet1 (2)'!$D$72-rut_index)/'Sheet1 (2)'!$D$72,IF(shee2!D45='Sheet1 (2)'!$C$71,'Sheet1 (2)'!$D$71*('Sheet1 (2)'!$D$72-rut_index)/'Sheet1 (2)'!$D$72)))<0,0,IF(D45='Sheet1 (2)'!$C$69,'Sheet1 (2)'!$D$69*('Sheet1 (2)'!$D$72-rut_index)/'Sheet1 (2)'!$D$72,IF(shee2!D45='Sheet1 (2)'!$C$70,'Sheet1 (2)'!$D$70*('Sheet1 (2)'!$D$72-rut_index)/'Sheet1 (2)'!$D$72,IF(shee2!D45='Sheet1 (2)'!$C$71,'Sheet1 (2)'!$D$71*('Sheet1 (2)'!$D$72-rut_index)/'Sheet1 (2)'!$D$72)))) -> 5 | AV45: =IF(IF(D45='Sheet1 (2)'!$C$69,'Sheet1 (2)'!$D$69*('Sheet1 (2)'!$D$72-crack_s_index)/'Sheet1 (2)'!$D$72,IF(shee2!D45='Sheet1 (2)'!$C$70,'Sheet1 (2)'!$D$70*('Sheet1 (2)'!$D$72-crack_s_index)/'Sheet1 (2)'!$D$72,IF(shee2!D45='Sheet1 (2)'!$C$71,'Sheet1 (2)'!$D$71*('Sheet1 (2)'!$D$72-crack_s_index)/'Sheet1 (2)'!$D$72)))<0,0,IF(D45='Sheet1 (2)'!$C$69,'Sheet1 (2)'!$D$69*('Sheet1 (2)'!$D$72-crack_s_index)/'Sheet1 (2)'!$D$72,IF(shee2!D45='Sheet1 (2)'!$C$70,'Sheet1 (2)'!$D$70*('Sheet1 (2)'!$D$72-crack_s_index)/'Sheet1 (2)'!$D$72,IF(shee2!D45='Sheet1 (2)'!$C$71,'Sheet1 (2)'!$D$71*('Sheet1 (2)'!$D$72-crack_s_index)/'Sheet1 (2)'!$D$72)))) -> 5 | AW45: =IF(IF(D45='Sheet1 (2)'!$C$69,'Sheet1 (2)'!$D$69*('Sheet1 (2)'!$D$72-crack_t_index)/'Sheet1 (2)'!$D$72,IF(shee2!D45='Sheet1 (2)'!$C$70,'Sheet1 (2)'!$D$70*('Sheet1 (2)'!$D$72-crack_t_index)/'Sheet1 (2)'!$D$72,IF(shee2!D45='Sheet1 (2)'!$C$71,'Sheet1 (2)'!$D$71*('Sheet1 (2)'!$D$72-crack_t_index)/'Sheet1 (2)'!$D$72)))<0,0,IF(D45='Sheet1 (2)'!$C$69,'Sheet1 (2)'!$D$69*('Sheet1 (2)'!$D$72-crack_t_index)/'Sheet1 (2)'!$D$72,IF(shee2!D45='Sheet1 (2)'!$C$70,'Sheet1 (2)'!$D$70*('Sheet1 (2)'!$D$72-crack_t_index)/'Sheet1 (2)'!$D$72,IF(shee2!D45='Sheet1 (2)'!$C$71,'Sheet1 (2)'!$D$71*('Sheet1 (2)'!$D$72-crack_t_index)/'Sheet1 (2)'!$D$72)))) -> 5 | AX45: =IF(IF(D45='Sheet1 (2)'!$C$69,'Sheet1 (2)'!$D$69*('Sheet1 (2)'!$D$72-rave_index)/'Sheet1 (2)'!$D$72,IF(shee2!D45='Sheet1 (2)'!$C$70,'Sheet1 (2)'!$D$70*('Sheet1 (2)'!$D$72-rave_index)/'Sheet1 (2)'!$D$72,IF(shee2!D45='Sheet1 (2)'!$C$71,'Sheet1 (2)'!$D$71*('Sheet1 (2)'!$D$72-rave_index)/'Sheet1 (2)'!$D$72)))<0,0,IF(D45='Sheet1 (2)'!$C$69,'Sheet1 (2)'!$D$69*('Sheet1 (2)'!$D$72-rave_index)/'Sheet1 (2)'!$D$72,IF(shee2!D45='Sheet1 (2)'!$C$70,'Sheet1 (2)'!$D$70*('Sheet1 (2)'!$D$72-rave_index)/'Sheet1 (2)'!$D$72,IF(shee2!D45='Sheet1 (2)'!$C$71,'Sheet1 (2)'!$D$71*('Sheet1 (2)'!$D$72-rave_index)/'Sheet1 (2)'!$D$72)))) -> 5 | AY45: =IF(IF(D45='Sheet1 (2)'!$C$69,'Sheet1 (2)'!$D$69*('Sheet1 (2)'!$D$72-rough_index)/'Sheet1 (2)'!$D$72,IF(shee2!D45='Sheet1 (2)'!$C$70,'Sheet1 (2)'!$D$70*('Sheet1 (2)'!$D$72-rough_index)/'Sheet1 (2)'!$D$72,IF(shee2!D45='Sheet1 (2)'!$C$71,'Sheet1 (2)'!$D$71*('Sheet1 (2)'!$D$72-rough_index)/'Sheet1 (2)'!$D$72)))<0,0,IF(D45='Sheet1 (2)'!$C$69,'Sheet1 (2)'!$D$69*('Sheet1 (2)'!$D$72-rough_index)/'Sheet1 (2)'!$D$72,IF(shee2!D45='Sheet1 (2)'!$C$70,'Sheet1 (2)'!$D$70*('Sheet1 (2)'!$D$72-rough_index)/'Sheet1 (2)'!$D$72,IF(shee2!D45='Sheet1 (2)'!$C$71,'Sheet1 (2)'!$D$71*('Sheet1 (2)'!$D$72-rough_index)/'Sheet1 (2)'!$D$72)))) -> 1.6666667 | AZ45: =+(AU45*'Sheet1 (2)'!$C$77)+(AV45*'Sheet1 (2)'!$C$78)+(AW45*'Sheet1 (2)'!$C$79)+(AX45*'Sheet1 (2)'!$C$80)+(AY45*'Sheet1 (2)'!$C$81) -> 4 | BA45: =IF(AZ45="",$AH45,IF(AZ45>=4,"Good",IF(AZ45>=2.5,"Fair",IF(AZ45>=1,"Poor",IF(AZ45>=0,"Very Poor",""))))) -> Good | BE45: =IF(D45='Sheet1 (2)'!$C$61,'Sheet1 (2)'!$D$61*(counts^2)+'Sheet1 (2)'!$G$61*counts+'Sheet1 (2)'!$J$61,IF(D45='Sheet1 (2)'!$C$62,'Sheet1 (2)'!$D$62*counts+'Sheet1 (2)'!$G$62,IF(D45='Sheet1 (2)'!$C$63,'Sheet1 (2)'!$D$63*counts+'Sheet1 (2)'!$G$63,IF(D45='Sheet1 (2)'!$C$64,'Sheet1 (2)'!$D$64*counts+'Sheet1 (2)'!$G$64)))) -> 2.0984129
... A61: N-5 | B61: NB | C61: 201 | D61: A | E61: 8 | F61: 1 | G61: A | H61: 0.5 | I61: A | J61: x | K61: x | L61: =VLOOKUP(CONCATENATE(J61,K61),'Sheet1 (2)'!$J$6:$K$26,2,FALSE) -> 0 | M61: x | N61: x | O61: =VLOOKUP(CONCATENATE(M61,N61),'Sheet1 (2)'!$L$6:$M$26,2,FALSE) -> 0 | P61: x | Q61: x | R61: =VLOOKUP(CONCATENATE(P61,Q61),'Sheet1 (2)'!$N$6:$O$26,2,FALSE) -> 0 | S61: x | T61: x | U61: =VLOOKUP(CONCATENATE(S61,T61),'Sheet1 (2)'!$P$6:$Q$26,2,FALSE) -> 0 | V61: b | W61: e | X61: =VLOOKUP(CONCATENATE(V61,W61),'Sheet1 (2)'!$R$6:$S$26,2,FALSE) -> 50 | Y61: x | Z61: x | AA61: =VLOOKUP(CONCATENATE(Y61,Z61),'Sheet1 (2)'!$T$6:$U$26,2,FALSE) -> 0 | AB61: x | AC61: x | AD61: =VLOOKUP(CONCATENATE(AB61,AC61),'Sheet1 (2)'!$X$6:$Y$26,2,FALSE) -> 0 | AE61: b | AF61: e | AG61: =VLOOKUP(CONCATENATE(AE61,AF61),'Sheet1 (2)'!$Z$6:$AA$26,2,FALSE) -> 66 | AK61: N-5 | AL61: NB | AM61: =C61 -> 201 | AQ61: 2.6121742 | AS61: =LOOKUP(rufmkm,'Sheet1 (2)'!$V$62:$V$71,'Sheet1 (2)'!$W$62:$W$71) -> 30 | AU61: =IF(IF(D61='Sheet1 (2)'!$C$69,'Sheet1 (2)'!$D$69*('Sheet1 (2)'!$D$72-rut_index)/'Sheet1 (2)'!$D$72,IF(shee2!D61='Sheet1 (2)'!$C$70,'Sheet1 (2)'!$D$70*('Sheet1 (2)'!$D$72-rut_index)/'Sheet1 (2)'!$D$72,IF(shee2!D61='Sheet1 (2)'!$C$71,'Sheet1 (2)'!$D$71*('Sheet1 (2)'!$D$72-rut_index)/'Sheet1 (2)'!$D$72)))<0,0,IF(D61='Sheet1 (2)'!$C$69,'Sheet1 (2)'!$D$69*('Sheet1 (2)'!$D$72-rut_index)/'Sheet1 (2)'!$D$72,IF(shee2!D61='Sheet1 (2)'!$C$70,'Sheet1 (2)'!$D$70*('Sheet1 (2)'!$D$72-rut_index)/'Sheet1 (2)'!$D$72,IF(shee2!D61='Sheet1 (2)'!$C$71,'Sheet1 (2)'!$D$71*('Sheet1 (2)'!$D$72-rut_index)/'Sheet1 (2)'!$D$72)))) -> 5 | AV61: =IF(IF(D61='Sheet1 (2)'!$C$69,'Sheet1 (2)'!$D$69*('Sheet1 (2)'!$D$72-crack_s_index)/'Sheet1 (2)'!$D$72,IF(shee2!D61='Sheet1 (2)'!$C$70,'Sheet1 (2)'!$D$70*('Sheet1 (2)'!$D$72-crack_s_index)/'Sheet1 (2)'!$D$72,IF(shee2!D61='Sheet1 (2)'!$C$71,'Sheet1 (2)'!$D$71*('Sheet1 (2)'!$D$72-crack_s_index)/'Sheet1 (2)'!$D$72)))<0,0,IF(D61='Sheet1 (2)'!$C$69,'Sheet1 (2)'!$D$69*('Sheet1 (2)'!$D$72-crack_s_index)/'Sheet1 (2)'!$D$72,IF(shee2!D61='Sheet1 (2)'!$C$70,'Sheet1 (2)'!$D$70*('Sheet1 (2)'!$D$72-crack_s_index)/'Sheet1 (2)'!$D$72,IF(shee2!D61='Sheet1 (2)'!$C$71,'Sheet1 (2)'!$D$71*('Sheet1 (2)'!$D$72-crack_s_index)/'Sheet1 (2)'!$D$72)))) -> 5 | AW61: =IF(IF(D61='Sheet1 (2)'!$C$69,'Sheet1 (2)'!$D$69*('Sheet1 (2)'!$D$72-crack_t_index)/'Sheet1 (2)'!$D$72,IF(shee2!D61='Sheet1 (2)'!$C$70,'Sheet1 (2)'!$D$70*('Sheet1 (2)'!$D$72-crack_t_index)/'Sheet1 (2)'!$D$72,IF(shee2!D61='Sheet1 (2)'!$C$71,'Sheet1 (2)'!$D$71*('Sheet1 (2)'!$D$72-crack_t_index)/'Sheet1 (2)'!$D$72)))<0,0,IF(D61='Sheet1 (2)'!$C$69,'Sheet1 (2)'!$D$69*('Sheet1 (2)'!$D$72-crack_t_index)/'Sheet1 (2)'!$D$72,IF(shee2!D61='Sheet1 (2)'!$C$70,'Sheet1 (2)'!$D$70*('Sheet1 (2)'!$D$72-crack_t_index)/'Sheet1 (2)'!$D$72,IF(shee2!D61='Sheet1 (2)'!$C$71,'Sheet1 (2)'!$D$71*('Sheet1 (2)'!$D$72-crack_t_index)/'Sheet1 (2)'!$D$72)))) -> 5 | AX61: =IF(IF(D61='Sheet1 (2)'!$C$69,'Sheet1 (2)'!$D$69*('Sheet1 (2)'!$D$72-rave_index)/'Sheet1 (2)'!$D$72,IF(shee2!D61='Sheet1 (2)'!$C$70,'Sheet1 (2)'!$D$70*('Sheet1 (2)'!$D$72-rave_index)/'Sheet1 (2)'!$D$72,IF(shee2!D61='Sheet1 (2)'!$C$71,'Sheet1 (2)'!$D$71*('Sheet1 (2)'!$D$72-rave_index)/'Sheet1 (2)'!$D$72)))<0,0,IF(D61='Sheet1 (2)'!$C$69,'Sheet1 (2)'!$D$69*('Sheet1 (2)'!$D$72-rave_index)/'Sheet1 (2)'!$D$72,IF(shee2!D61='Sheet1 (2)'!$C$70,'Sheet1 (2)'!$D$70*('Sheet1 (2)'!$D$72-rave_index)/'Sheet1 (2)'!$D$72,IF(shee2!D61='Sheet1 (2)'!$C$71,'Sheet1 (2)'!$D$71*('Sheet1 (2)'!$D$72-rave_index)/'Sheet1 (2)'!$D$72)))) -> 5 | AY61: =IF(IF(D61='Sheet1 (2)'!$C$69,'Sheet1 (2)'!$D$69*('Sheet1 (2)'!$D$72-rough_index)/'Sheet1 (2)'!$D$72,IF(shee2!D61='Sheet1 (2)'!$C$70,'Sheet1 (2)'!$D$70*('Sheet1 (2)'!$D$72-rough_index)/'Sheet1 (2)'!$D$72,IF(shee2!D61='Sheet1 (2)'!$C$71,'Sheet1 (2)'!$D$71*('Sheet1 (2)'!$D$72-rough_index)/'Sheet1 (2)'!$D$72)))<0,0,IF(D61='Sheet1 (2)'!$C$69,'Sheet1 (2)'!$D$69*('Sheet1 (2)'!$D$72-rough_index)/'Sheet1 (2)'!$D$72,IF(shee2!D61='Sheet1 (2)'!$C$70,'Sheet1 (2)'!$D$70*('Sheet1 (2)'!$D$72-rough_index)/'Sheet1 (2)'!$D$72,IF(shee2!D61='Sheet1 (2)'!$C$71,'Sheet1 (2)'!$D$71*('Sheet1 (2)'!$D$72-rough_index)/'Sheet1 (2)'!$D$72)))) -> 2.5 | AZ61: =+(AU61*'Sheet1 (2)'!$C$77)+(AV61*'Sheet1 (2)'!$C$78)+(AW61*'Sheet1 (2)'!$C$79)+(AX61*'Sheet1 (2)'!$C$80)+(AY61*'Sheet1 (2)'!$C$81) -> 4.25 | BA61: =IF(AZ61="",$AH61,IF(AZ61>=4,"Good",IF(AZ61>=2.5,"Fair",IF(AZ61>=1,"Poor",IF(AZ61>=0,"Very Poor",""))))) -> Good | BE61: =IF(D61='Sheet1 (2)'!$C$61,'Sheet1 (2)'!$D$61*(counts^2)+'Sheet1 (2)'!$G$61*counts+'Sheet1 (2)'!$J$61,IF(D61='Sheet1 (2)'!$C$62,'Sheet1 (2)'!$D$62*counts+'Sheet1 (2)'!$G$62,IF(D61='Sheet1 (2)'!$C$63,'Sheet1 (2)'!$D$63*counts+'Sheet1 (2)'!$G$63,IF(D61='Sheet1 (2)'!$C$64,'Sheet1 (2)'!$D$64*counts+'Sheet1 (2)'!$G$64)))) -> 2.0984129
A62: N-5 | B62: NB | C62: 202 | D62: A | E62: 8 | F62: 1 | G62: A | H62: 0.5 | I62: A | J62: a | K62: d | L62: =VLOOKUP(CONCATENATE(J62,K62),'Sheet1 (2)'!$J$6:$K$26,2,FALSE) -> 18.75 | M62: x | N62: x | O62: =VLOOKUP(CONCATENATE(M62,N62),'Sheet1 (2)'!$L$6:$M$26,2,FALSE) -> 0 | P62: x | Q62: x | R62: =VLOOKUP(CONCATENATE(P62,Q62),'Sheet1 (2)'!$N$6:$O$26,2,FALSE) -> 0 | S62: x | T62: x | U62: =VLOOKUP(CONCATENATE(S62,T62),'Sheet1 (2)'!$P$6:$Q$26,2,FALSE) -> 0 | V62: x | W62: x | X62: =VLOOKUP(CONCATENATE(V62,W62),'Sheet1 (2)'!$R$6:$S$26,2,FALSE) -> 0 | Y62: x | Z62: x | AA62: =VLOOKUP(CONCATENATE(Y62,Z62),'Sheet1 (2)'!$T$6:$U$26,2,FALSE) -> 0 | AB62: x | AC62: x | AD62: =VLOOKUP(CONCATENATE(AB62,AC62),'Sheet1 (2)'!$X$6:$Y$26,2,FALSE) -> 0 | AE62: b | AF62: e | AG62: =VLOOKUP(CONCATENATE(AE62,AF62),'Sheet1 (2)'!$Z$6:$AA$26,2,FALSE) -> 66 | AK62: N-5 | AL62: NB | AM62: =C62 -> 202 | AO62: 201 MP | AQ62: 2.4712886 | AS62: =LOOKUP(rufmkm,'Sheet1 (2)'!$V$62:$V$71,'Sheet1 (2)'!$W$62:$W$71) -> 30 | AU62: =IF(IF(D62='Sheet1 (2)'!$C$69,'Sheet1 (2)'!$D$69*('Sheet1 (2)'!$D$72-rut_index)/'Sheet1 (2)'!$D$72,IF(shee2!D62='Sheet1 (2)'!$C$70,'Sheet1 (2)'!$D$70*('Sheet1 (2)'!$D$72-rut_index)/'Sheet1 (2)'!$D$72,IF(shee2!D62='Sheet1 (2)'!$C$71,'Sheet1 (2)'!$D$71*('Sheet1 (2)'!$D$72-rut_index)/'Sheet1 (2)'!$D$72)))<0,0,IF(D62='Sheet1 (2)'!$C$69,'Sheet1 (2)'!$D$69*('Sheet1 (2)'!$D$72-rut_index)/'Sheet1 (2)'!$D$72,IF(shee2!D62='Sheet1 (2)'!$C$70,'Sheet1 (2)'!$D$70*('Sheet1 (2)'!$D$72-rut_index)/'Sheet1 (2)'!$D$72,IF(shee2!D62='Sheet1 (2)'!$C$71,'Sheet1 (2)'!$D$71*('Sheet1 (2)'!$D$72-rut_index)/'Sheet1 (2)'!$D$72)))) -> 3.4375 | AV62: =IF(IF(D62='Sheet1 (2)'!$C$69,'Sheet1 (2)'!$D$69*('Sheet1 (2)'!$D$72-crack_s_index)/'Sheet1 (2)'!$D$72,IF(shee2!D62='Sheet1 (2)'!$C$70,'Sheet1 (2)'!$D$70*('Sheet1 (2)'!$D$72-crack_s_index)/'Sheet1 (2)'!$D$72,IF(shee2!D62='Sheet1 (2)'!$C$71,'Sheet1 (2)'!$D$71*('Sheet1 (2)'!$D$72-crack_s_index)/'Sheet1 (2)'!$D$72)))<0,0,IF(D62='Sheet1 (2)'!$C$69,'Sheet1 (2)'!$D$69*('Sheet1 (2)'!$D$72-crack_s_index)/'Sheet1 (2)'!$D$72,IF(shee2!D62='Sheet1 (2)'!$C$70,'Sheet1 (2)'!$D$70*('Sheet1 (2)'!$D$72-crack_s_index)/'Sheet1 (2)'!$D$72,IF(shee2!D62='Sheet1 (2)'!$C$71,'Sheet1 (2)'!$D$71*('Sheet1 (2)'!$D$72-crack_s_index)/'Sheet1 (2)'!$D$72)))) -> 5 | AW62: =IF(IF(D62='Sheet1 (2)'!$C$69,'Sheet1 (2)'!$D$69*('Sheet1 (2)'!$D$72-crack_t_index)/'Sheet1 (2)'!$D$72,IF(shee2!D62='Sheet1 (2)'!$C$70,'Sheet1 (2)'!$D$70*('Sheet1 (2)'!$D$72-crack_t_index)/'Sheet1 (2)'!$D$72,IF(shee2!D62='Sheet1 (2)'!$C$71,'Sheet1 (2)'!$D$71*('Sheet1 (2)'!$D$72-crack_t_index)/'Sheet1 (2)'!$D$72)))<0,0,IF(D62='Sheet1 (2)'!$C$69,'Sheet1 (2)'!$D$69*('Sheet1 (2)'!$D$72-crack_t_index)/'Sheet1 (2)'!$D$72,IF(shee2!D62='Sheet1 (2)'!$C$70,'Sheet1 (2)'!$D$70*('Sheet1 (2)'!$D$72-crack_t_index)/'Sheet1 (2)'!$D$72,IF(shee2!D62='Sheet1 (2)'!$C$71,'Sheet1 (2)'!$D$71*('Sheet1 (2)'!$D$72-crack_t_index)/'Sheet1 (2)'!$D$72)))) -> 5 | AX62: =IF(IF(D62='Sheet1 (2)'!$C$69,'Sheet1 (2)'!$D$69*('Sheet1 (2)'!$D$72-rave_index)/'Sheet1 (2)'!$D$72,IF(shee2!D62='Sheet1 (2)'!$C$70,'Sheet1 (2)'!$D$70*('Sheet1 (2)'!$D$72-rave_index)/'Sheet1 (2)'!$D$72,IF(shee2!D62='Sheet1 (2)'!$C$71,'Sheet1 (2)'!$D$71*('Sheet1 (2)'!$D$72-rave_index)/'Sheet1 (2)'!$D$72)))<0,0,IF(D62='Sheet1 (2)'!$C$69,'Sheet1 (2)'!$D$69*('Sheet1 (2)'!$D$72-rave_index)/'Sheet1 (2)'!$D$72,IF(shee2!D62='Sheet1 (2)'!$C$70,'Sheet1 (2)'!$D$70*('Sheet1 (2)'!$D$72-rave_index)/'Sheet1 (2)'!$D$72,IF(shee2!D62='Sheet1 (2)'!$C$71,'Sheet1 (2)'!$D$71*('Sheet1 (2)'!$D$72-rave_index)/'Sheet1 (2)'!$D$72)))) -> 5 | AY62: =IF(IF(D62='Sheet1 (2)'!$C$69,'Sheet1 (2)'!$D$69*('Sheet1 (2)'!$D$72-rough_index)/'Sheet1 (2)'!$D$72,IF(shee2!D62='Sheet1 (2)'!$C$70,'Sheet1 (2)'!$D$70*('Sheet1 (2)'!$D$72-rough_index)/'Sheet1 (2)'!$D$72,IF(shee2!D62='Sheet1 (2)'!$C$71,'Sheet1 (2)'!$D$71*('Sheet1 (2)'!$D$72-rough_index)/'Sheet1 (2)'!$D$72)))<0,0,IF(D62='Sheet1 (2)'!$C$69,'Sheet1 (2)'!$D$69*('Sheet1 (2)'!$D$72-rough_index)/'Sheet1 (2)'!$D$72,IF(shee2!D62='Sheet1 (2)'!$C$70,'Sheet1 (2)'!$D$70*('Sheet1 (2)'!$D$72-rough_index)/'Sheet1 (2)'!$D$72,IF(shee2!D62='Sheet1 (2)'!$C$71,'Sheet1 (2)'!$D$71*('Sheet1 (2)'!$D$72-rough_index)/'Sheet1 (2)'!$D$72)))) -> 2.5 | AZ62: =+(AU62*'Sheet1 (2)'!$C$77)+(AV62*'Sheet1 (2)'!$C$78)+(AW62*'Sheet1 (2)'!$C$79)+(AX62*'Sheet1 (2)'!$C$80)+(AY62*'Sheet1 (2)'!$C$81) -> 3.9375 | BA62: =IF(AZ62="",$AH62,IF(AZ62>=4,"Good",IF(AZ62>=2.5,"Fair",IF(AZ62>=1,"Poor",IF(AZ62>=0,"Very Poor",""))))) -> Fair | BE62: =IF(D62='Sheet1 (2)'!$C$61,'Sheet1 (2)'!$D$61*(counts^2)+'Sheet1 (2)'!$G$61*counts+'Sheet1 (2)'!$J$61,IF(D62='Sheet1 (2)'!$C$62,'Sheet1 (2)'!$D$62*counts+'Sheet1 (2)'!$G$62,IF(D62='Sheet1 (2)'!$C$63,'Sheet1 (2)'!$D$63*counts+'Sheet1 (2)'!$G$63,IF(D62='Sheet1 (2)'!$C$64,'Sheet1 (2)'!$D$64*counts+'Sheet1 (2)'!$G$64)))) -> 2.0984129
A63: N-5 | B63: NB | C63: 203 | D63: A | E63: 8 | F63: 1 | G63: A | H63: 0.5 | I63: A | J63: a | K63: d | L63: =VLOOKUP(CONCATENATE(J63,K63),'Sheet1 (2)'!$J$6:$K$26,2,FALSE) -> 18.75 | M63: x | N63: x | O63: =VLOOKUP(CONCATENATE(M63,N63),'Sheet1 (2)'!$L$6:$M$26,2,FALSE) -> 0 | P63: x | Q63: x | R63: =VLOOKUP(CONCATENATE(P63,Q63),'Sheet1 (2)'!$N$6:$O$26,2,FALSE) -> 0 | S63: x | T63: x | U63: =VLOOKUP(CONCATENATE(S63,T63),'Sheet1 (2)'!$P$6:$Q$26,2,FALSE) -> 0 | V63: b | W63: e | X63: =VLOOKUP(CONCATENATE(V63,W63),'Sheet1 (2)'!$R$6:$S$26,2,FALSE) -> 50 | Y63: x | Z63: x | AA63: =VLOOKUP(CONCATENATE(Y63,Z63),'Sheet1 (2)'!$T$6:$U$26,2,FALSE) -> 0 | AB63: x | AC63: x | AD63: =VLOOKUP(CONCATENATE(AB63,AC63),'Sheet1 (2)'!$X$6:$Y$26,2,FALSE) -> 0 | AE63: b | AF63: e | AG63: =VLOOKUP(CONCATENATE(AE63,AF63),'Sheet1 (2)'!$Z$6:$AA$26,2,FALSE) -> 66 | AK63: N-5 | AL63: NB | AM63: =C63 -> 203 | AQ63: 2.4872855 | AS63: =LOOKUP(rufmkm,'Sheet1 (2)'!$V$62:$V$71,'Sheet1 (2)'!$W$62:$W$71) -> 30 | AU63: =IF(IF(D63='Sheet1 (2)'!$C$69,'Sheet1 (2)'!$D$69*('Sheet1 (2)'!$D$72-rut_index)/'Sheet1 (2)'!$D$72,IF(shee2!D63='Sheet1 (2)'!$C$70,'Sheet1 (2)'!$D$70*('Sheet1 (2)'!$D$72-rut_index)/'Sheet1 (2)'!$D$72,IF(shee2!D63='Sheet1 (2)'!$C$71,'Sheet1 (2)'!$D$71*('Sheet1 (2)'!$D$72-rut_index)/'Sheet1 (2)'!$D$72)))<0,0,IF(D63='Sheet1 (2)'!$C$69,'Sheet1 (2)'!$D$69*('Sheet1 (2)'!$D$72-rut_index)/'Sheet1 (2)'!$D$72,IF(shee2!D63='Sheet1 (2)'!$C$70,'Sheet1 (2)'!$D$70*('Sheet1 (2)'!$D$72-rut_index)/'Sheet1 (2)'!$D$72,IF(shee2!D63='Sheet1 (2)'!$C$71,'Sheet1 (2)'!$D$71*('Sheet1 (2)'!$D$72-rut_index)/'Sheet1 (2)'!$D$72)))) -> 3.4375 | AV63: =IF(IF(D63='Sheet1 (2)'!$C$69,'Sheet1 (2)'!$D$69*('Sheet1 (2)'!$D$72-crack_s_index)/'Sheet1 (2)'!$D$72,IF(shee2!D63='Sheet1 (2)'!$C$70,'Sheet1 (2)'!$D$70*('Sheet1 (2)'!$D$72-crack_s_index)/'Sheet1 (2)'!$D$72,IF(shee2!D63='Sheet1 (2)'!$C$71,'Sheet1 (2)'!$D$71*('Sheet1 (2)'!$D$72-crack_s_index)/'Sheet1 (2)'!$D$72)))<0,0,IF(D63='Sheet1 (2)'!$C$69,'Sheet1 (2)'!$D$69*('Sheet1 (2)'!$D$72-crack_s_index)/'Sheet1 (2)'!$D$72,IF(shee2!D63='Sheet1 (2)'!$C$70,'Sheet1 (2)'!$D$70*('Sheet1 (2)'!$D$72-crack_s_index)/'Sheet1 (2)'!$D$72,IF(shee2!D63='Sheet1 (2)'!$C$71,'Sheet1 (2)'!$D$71*('Sheet1 (2)'!$D$72-crack_s_index)/'Sheet1 (2)'!$D$72)))) -> 5 | AW63: =IF(IF(D63='Sheet1 (2)'!$C$69,'Sheet1 (2)'!$D$69*('Sheet1 (2)'!$D$72-crack_t_index)/'Sheet1 (2)'!$D$72,IF(shee2!D63='Sheet1 (2)'!$C$70,'Sheet1 (2)'!$D$70*('Sheet1 (2)'!$D$72-crack_t_index)/'Sheet1 (2)'!$D$72,IF(shee2!D63='Sheet1 (2)'!$C$71,'Sheet1 (2)'!$D$71*('Sheet1 (2)'!$D$72-crack_t_index)/'Sheet1 (2)'!$D$72)))<0,0,IF(D63='Sheet1 (2)'!$C$69,'Sheet1 (2)'!$D$69*('Sheet1 (2)'!$D$72-crack_t_index)/'Sheet1 (2)'!$D$72,IF(shee2!D63='Sheet1 (2)'!$C$70,'Sheet1 (2)'!$D$70*('Sheet1 (2)'!$D$72-crack_t_index)/'Sheet1 (2)'!$D$72,IF(shee2!D63='Sheet1 (2)'!$C$71,'Sheet1 (2)'!$D$71*('Sheet1 (2)'!$D$72-crack_t_index)/'Sheet1 (2)'!$D$72)))) -> 5 | AX63: =IF(IF(D63='Sheet1 (2)'!$C$69,'Sheet1 (2)'!$D$69*('Sheet1 (2)'!$D$72-rave_index)/'Sheet1 (2)'!$D$72,IF(shee2!D63='Sheet1 (2)'!$C$70,'Sheet1 (2)'!$D$70*('Sheet1 (2)'!$D$72-rave_index)/'Sheet1 (2)'!$D$72,IF(shee2!D63='Sheet1 (2)'!$C$71,'Sheet1 (2)'!$D$71*('Sheet1 (2)'!$D$72-rave_index)/'Sheet1 (2)'!$D$72)))<0,0,IF(D63='Sheet1 (2)'!$C$69,'Sheet1 (2)'!$D$69*('Sheet1 (2)'!$D$72-rave_index)/'Sheet1 (2)'!$D$72,IF(shee2!D63='Sheet1 (2)'!$C$70,'Sheet1 (2)'!$D$70*('Sheet1 (2)'!$D$72-rave_index)/'Sheet1 (2)'!$D$72,IF(shee2!D63='Sheet1 (2)'!$C$71,'Sheet1 (2)'!$D$71*('Sheet1 (2)'!$D$72-rave_index)/'Sheet1 (2)'!$D$72)))) -> 5 | AY63: =IF(IF(D63='Sheet1 (2)'!$C$69,'Sheet1 (2)'!$D$69*('Sheet1 (2)'!$D$72-rough_index)/'Sheet1 (2)'!$D$72,IF(shee2!D63='Sheet1 (2)'!$C$70,'Sheet1 (2)'!$D$70*('Sheet1 (2)'!$D$72-rough_index)/'Sheet1 (2)'!$D$72,IF(shee2!D63='Sheet1 (2)'!$C$71,'Sheet1 (2)'!$D$71*('Sheet1 (2)'!$D$72-rough_index)/'Sheet1 (2)'!$D$72)))<0,0,IF(D63='Sheet1 (2)'!$C$69,'Sheet1 (2)'!$D$69*('Sheet1 (2)'!$D$72-rough_index)/'Sheet1 (2)'!$D$72,IF(shee2!D63='Sheet1 (2)'!$C$70,'Sheet1 (2)'!$D$70*('Sheet1 (2)'!$D$72-rough_index)/'Sheet1 (2)'!$D$72,IF(shee2!D63='Sheet1 (2)'!$C$71,'Sheet1 (2)'!$D$71*('Sheet1 (2)'!$D$72-rough_index)/'Sheet1 (2)'!$D$72)))) -> 2.5 | AZ63: =+(AU63*'Sheet1 (2)'!$C$77)+(AV63*'Sheet1 (2)'!$C$78)+(AW63*'Sheet1 (2)'!$C$79)+(AX63*'Sheet1 (2)'!$C$80)+(AY63*'Sheet1 (2)'!$C$81) -> 3.9375 | BA63: =IF(AZ63="",$AH63,IF(AZ63>=4,"Good",IF(AZ63>=2.5,"Fair",IF(AZ63>=1,"Poor",IF(AZ63>=0,"Very Poor",""))))) -> Fair | BE63: =IF(D63='Sheet1 (2)'!$C$61,'Sheet1 (2)'!$D$61*(counts^2)+'Sheet1 (2)'!$G$61*counts+'Sheet1 (2)'!$J$61,IF(D63='Sheet1 (2)'!$C$62,'Sheet1 (2)'!$D$62*counts+'Sheet1 (2)'!$G$62,IF(D63='Sheet1 (2)'!$C$63,'Sheet1 (2)'!$D$63*counts+'Sheet1 (2)'!$G$63,IF(D63='Sheet1 (2)'!$C$64,'Sheet1 (2)'!$D$64*counts+'Sheet1 (2)'!$G$64)))) -> 2.0984129
A64: N-5 | B64: NB | C64: 204 | D64: A | E64: 8 | F64: 1 | G64: A | H64: 0.5 | I64: A | J64: a | K64: d | L64: =VLOOKUP(CONCATENATE(J64,K64),'Sheet1 (2)'!$J$6:$K$26,2,FALSE) -> 18.75 | M64: x | N64: x | O64: =VLOOKUP(CONCATENATE(M64,N64),'Sheet1 (2)'!$L$6:$M$26,2,FALSE) -> 0 | P64: x | Q64: x | R64: =VLOOKUP(CONCATENATE(P64,Q64),'Sheet1 (2)'!$N$6:$O$26,2,FALSE) -> 0 | S64: x | T64: x | U64: =VLOOKUP(CONCATENATE(S64,T64),'Sheet1 (2)'!$P$6:$Q$26,2,FALSE) -> 0 | V64: x | W64: x | X64: =VLOOKUP(CONCATENATE(V64,W64),'Sheet1 (2)'!$R$6:$S$26,2,FALSE) -> 0 | Y64: x | Z64: x | AA64: =VLOOKUP(CONCATENATE(Y64,Z64),'Sheet1 (2)'!$T$6:$U$26,2,FALSE) -> 0 | AB64: x | AC64: x | AD64: =VLOOKUP(CONCATENATE(AB64,AC64),'Sheet1 (2)'!$X$6:$Y$26,2,FALSE) -> 0 | AE64: b | AF64: e | AG64: =VLOOKUP(CONCATENATE(AE64,AF64),'Sheet1 (2)'!$Z$6:$AA$26,2,FALSE) -> 66 | AK64: N-5 | AL64: NB | AM64: =C64 -> 204 | AQ64: 1.9260829 | AS64: =LOOKUP(rufmkm,'Sheet1 (2)'!$V$62:$V$71,'Sheet1 (2)'!$W$62:$W$71) -> 20 | AU64: =IF(IF(D64='Sheet1 (2)'!$C$69,'Sheet1 (2)'!$D$69*('Sheet1 (2)'!$D$72-rut_index)/'Sheet1 (2)'!$D$72,IF(shee2!D64='Sheet1 (2)'!$C$70,'Sheet1 (2)'!$D$70*('Sheet1 (2)'!$D$72-rut_index)/'Sheet1 (2)'!$D$72,IF(shee2!D64='Sheet1 (2)'!$C$71,'Sheet1 (2)'!$D$71*('Sheet1 (2)'!$D$72-rut_index)/'Sheet1 (2)'!$D$72)))<0,0,IF(D64='Sheet1 (2)'!$C$69,'Sheet1 (2)'!$D$69*('Sheet1 (2)'!$D$72-rut_index)/'Sheet1 (2)'!$D$72,IF(shee2!D64='Sheet1 (2)'!$C$70,'Sheet1 (2)'!$D$70*('Sheet1 (2)'!$D$72-rut_index)/'Sheet1 (2)'!$D$72,IF(shee2!D64='Sheet1 (2)'!$C$71,'Sheet1 (2)'!$D$71*('Sheet1 (2)'!$D$72-rut_index)/'Sheet1 (2)'!$D$72)))) -> 3.4375 | AV64: =IF(IF(D64='Sheet1 (2)'!$C$69,'Sheet1 (2)'!$D$69*('Sheet1 (2)'!$D$72-crack_s_index)/'Sheet1 (2)'!$D$72,IF(shee2!D64='Sheet1 (2)'!$C$70,'Sheet1 (2)'!$D$70*('Sheet1 (2)'!$D$72-crack_s_index)/'Sheet1 (2)'!$D$72,IF(shee2!D64='Sheet1 (2)'!$C$71,'Sheet1 (2)'!$D$71*('Sheet1 (2)'!$D$72-crack_s_index)/'Sheet1 (2)'!$D$72)))<0,0,IF(D64='Sheet1 (2)'!$C$69,'Sheet1 (2)'!$D$69*('Sheet1 (2)'!$D$72-crack_s_index)/'Sheet1 (2)'!$D$72,IF(shee2!D64='Sheet1 (2)'!$C$70,'Sheet1 (2)'!$D$70*('Sheet1 (2)'!$D$72-crack_s_index)/'Sheet1 (2)'!$D$72,IF(shee2!D64='Sheet1 (2)'!$C$71,'Sheet1 (2)'!$D$71*('Sheet1 (2)'!$D$72-crack_s_index)/'Sheet1 (2)'!$D$72)))) -> 5 | AW64: =IF(IF(D64='Sheet1 (2)'!$C$69,'Sheet1 (2)'!$D$69*('Sheet1 (2)'!$D$72-crack_t_index)/'Sheet1 (2)'!$D$72,IF(shee2!D64='Sheet1 (2)'!$C$70,'Sheet1 (2)'!$D$70*('Sheet1 (2)'!$D$72-crack_t_index)/'Sheet1 (2)'!$D$72,IF(shee2!D64='Sheet1 (2)'!$C$71,'Sheet1 (2)'!$D$71*('Sheet1 (2)'!$D$72-crack_t_index)/'Sheet1 (2)'!$D$72)))<0,0,IF(D64='Sheet1 (2)'!$C$69,'Sheet1 (2)'!$D$69*('Sheet1 (2)'!$D$72-crack_t_index)/'Sheet1 (2)'!$D$72,IF(shee2!D64='Sheet1 (2)'!$C$70,'Sheet1 (2)'!$D$70*('Sheet1 (2)'!$D$72-crack_t_index)/'Sheet1 (2)'!$D$72,IF(shee2!D64='Sheet1 (2)'!$C$71,'Sheet1 (2)'!$D$71*('Sheet1 (2)'!$D$72-crack_t_index)/'Sheet1 (2)'!$D$72)))) -> 5 | AX64: =IF(IF(D64='Sheet1 (2)'!$C$69,'Sheet1 (2)'!$D$69*('Sheet1 (2)'!$D$72-rave_index)/'Sheet1 (2)'!$D$72,IF(shee2!D64='Sheet1 (2)'!$C$70,'Sheet1 (2)'!$D$70*('Sheet1 (2)'!$D$72-rave_index)/'Sheet1 (2)'!$D$72,IF(shee2!D64='Sheet1 (2)'!$C$71,'Sheet1 (2)'!$D$71*('Sheet1 (2)'!$D$72-rave_index)/'Sheet1 (2)'!$D$72)))<0,0,IF(D64='Sheet1 (2)'!$C$69,'Sheet1 (2)'!$D$69*('Sheet1 (2)'!$D$72-rave_index)/'Sheet1 (2)'!$D$72,IF(shee2!D64='Sheet1 (2)'!$C$70,'Sheet1 (2)'!$D$70*('Sheet1 (2)'!$D$72-rave_index)/'Sheet1 (2)'!$D$72,IF(shee2!D64='Sheet1 (2)'!$C$71,'Sheet1 (2)'!$D$71*('Sheet1 (2)'!$D$72-rave_index)/'Sheet1 (2)'!$D$72)))) -> 5 | AY64: =IF(IF(D64='Sheet1 (2)'!$C$69,'Sheet1 (2)'!$D$69*('Sheet1 (2)'!$D$72-rough_index)/'Sheet1 (2)'!$D$72,IF(shee2!D64='Sheet1 (2)'!$C$70,'Sheet1 (2)'!$D$70*('Sheet1 (2)'!$D$72-rough_index)/'Sheet1 (2)'!$D$72,IF(shee2!D64='Sheet1 (2)'!$C$71,'Sheet1 (2)'!$D$71*('Sheet1 (2)'!$D$72-rough_index)/'Sheet1 (2)'!$D$72)))<0,0,IF(D64='Sheet1 (2)'!$C$69,'Sheet1 (2)'!$D$69*('Sheet1 (2)'!$D$72-rough_index)/'Sheet1 (2)'!$D$72,IF(shee2!D64='Sheet1 (2)'!$C$70,'Sheet1 (2)'!$D$70*('Sheet1 (2)'!$D$72-rough_index)/'Sheet1 (2)'!$D$72,IF(shee2!D64='Sheet1 (2)'!$C$71,'Sheet1 (2)'!$D$71*('Sheet1 (2)'!$D$72-rough_index)/'Sheet1 (2)'!$D$72)))) -> 3.3333333 | AZ64: =+(AU64*'Sheet1 (2)'!$C$77)+(AV64*'Sheet1 (2)'!$C$78)+(AW64*'Sheet1 (2)'!$C$79)+(AX64*'Sheet1 (2)'!$C$80)+(AY64*'Sheet1 (2)'!$C$81) -> 4.1875 | BA64: =IF(AZ64="",$AH64,IF(AZ64>=4,"Good",IF(AZ64>=2.5,"Fair",IF(AZ64>=1,"Poor",IF(AZ64>=0,"Very Poor",""))))) -> Good | BE64: =IF(D64='Sheet1 (2)'!$C$61,'Sheet1 (2)'!$D$61*(counts^2)+'Sheet1 (2)'!$G$61*counts+'Sheet1 (2)'!$J$61,IF(D64='Sheet1 (2)'!$C$62,'Sheet1 (2)'!$D$62*counts+'Sheet1 (2)'!$G$62,IF(D64='Sheet1 (2)'!$C$63,'Sheet1 (2)'!$D$63*counts+'Sheet1 (2)'!$G$63,IF(D64='Sheet1 (2)'!$C$64,'Sheet1 (2)'!$D$64*counts+'Sheet1 (2)'!$G$64)))) -> 2.0984129
A65: N-5 | B65: NB | C65: 205 | D65: A | E65: 8 | F65: 1 | G65: A | H65: 0.5 | I65: A | J65: a | K65: d | L65: =VLOOKUP(CONCATENATE(J65,K65),'Sheet1 (2)'!$J$6:$K$26,2,FALSE) -> 18.75 | M65: x | N65: x | O65: =VLOOKUP(CONCATENATE(M65,N65),'Sheet1 (2)'!$L$6:$M$26,2,FALSE) -> 0 | P65: x | Q65: x | R65: =VLOOKUP(CONCATENATE(P65,Q65),'Sheet1 (2)'!$N$6:$O$26,2,FALSE) -> 0 | S65: x | T65: x | U65: =VLOOKUP(CONCATENATE(S65,T65),'Sheet1 (2)'!$P$6:$Q$26,2,FALSE) -> 0 | V65: x | W65: x | X65: =VLOOKUP(CONCATENATE(V65,W65),'Sheet1 (2)'!$R$6:$S$26,2,FALSE) -> 0 | Y65: x | Z65: x | AA65: =VLOOKUP(CONCATENATE(Y65,Z65),'Sheet1 (2)'!$T$6:$U$26,2,FALSE) -> 0 | AB65: x | AC65: x | AD65: =VLOOKUP(CONCATENATE(AB65,AC65),'Sheet1 (2)'!$X$6:$Y$26,2,FALSE) -> 0 | AE65: b | AF65: e | AG65: =VLOOKUP(CONCATENATE(AE65,AF65),'Sheet1 (2)'!$Z$6:$AA$26,2,FALSE) -> 66 | AK65: N-5 | AL65: NB | AM65: =C65 -> 205 | AQ65: 2.4839658 | AS65: =LOOKUP(rufmkm,'Sheet1 (2)'!$V$62:$V$71,'Sheet1 (2)'!$W$62:$W$71) -> 30 | AU65: =IF(IF(D65='Sheet1 (2)'!$C$69,'Sheet1 (2)'!$D$69*('Sheet1 (2)'!$D$72-rut_index)/'Sheet1 (2)'!$D$72,IF(shee2!D65='Sheet1 (2)'!$C$70,'Sheet1 (2)'!$D$70*('Sheet1 (2)'!$D$72-rut_index)/'Sheet1 (2)'!$D$72,IF(shee2!D65='Sheet1 (2)'!$C$71,'Sheet1 (2)'!$D$71*('Sheet1 (2)'!$D$72-rut_index)/'Sheet1 (2)'!$D$72)))<0,0,IF(D65='Sheet1 (2)'!$C$69,'Sheet1 (2)'!$D$69*('Sheet1 (2)'!$D$72-rut_index)/'Sheet1 (2)'!$D$72,IF(shee2!D65='Sheet1 (2)'!$C$70,'Sheet1 (2)'!$D$70*('Sheet1 (2)'!$D$72-rut_index)/'Sheet1 (2)'!$D$72,IF(shee2!D65='Sheet1 (2)'!$C$71,'Sheet1 (2)'!$D$71*('Sheet1 (2)'!$D$72-rut_index)/'Sheet1 (2)'!$D$72)))) -> 3.4375 | AV65: =IF(IF(D65='Sheet1 (2)'!$C$69,'Sheet1 (2)'!$D$69*('Sheet1 (2)'!$D$72-crack_s_index)/'Sheet1 (2)'!$D$72,IF(shee2!D65='Sheet1 (2)'!$C$70,'Sheet1 (2)'!$D$70*('Sheet1 (2)'!$D$72-crack_s_index)/'Sheet1 (2)'!$D$72,IF(shee2!D65='Sheet1 (2)'!$C$71,'Sheet1 (2)'!$D$71*('Sheet1 (2)'!$D$72-crack_s_index)/'Sheet1 (2)'!$D$72)))<0,0,IF(D65='Sheet1 (2)'!$C$69,'Sheet1 (2)'!$D$69*('Sheet1 (2)'!$D$72-crack_s_index)/'Sheet1 (2)'!$D$72,IF(shee2!D65='Sheet1 (2)'!$C$70,'Sheet1 (2)'!$D$70*('Sheet1 (2)'!$D$72-crack_s_index)/'Sheet1 (2)'!$D$72,IF(shee2!D65='Sheet1 (2)'!$C$71,'Sheet1 (2)'!$D$71*('Sheet1 (2)'!$D$72-crack_s_index)/'Sheet1 (2)'!$D$72)))) -> 5 | AW65: =IF(IF(D65='Sheet1 (2)'!$C$69,'Sheet1 (2)'!$D$69*('Sheet1 (2)'!$D$72-crack_t_index)/'Sheet1 (2)'!$D$72,IF(shee2!D65='Sheet1 (2)'!$C$70,'Sheet1 (2)'!$D$70*('Sheet1 (2)'!$D$72-crack_t_index)/'Sheet1 (2)'!$D$72,IF(shee2!D65='Sheet1 (2)'!$C$71,'Sheet1 (2)'!$D$71*('Sheet1 (2)'!$D$72-crack_t_index)/'Sheet1 (2)'!$D$72)))<0,0,IF(D65='Sheet1 (2)'!$C$69,'Sheet1 (2)'!$D$69*('Sheet1 (2)'!$D$72-crack_t_index)/'Sheet1 (2)'!$D$72,IF(shee2!D65='Sheet1 (2)'!$C$70,'Sheet1 (2)'!$D$70*('Sheet1 (2)'!$D$72-crack_t_index)/'Sheet1 (2)'!$D$72,IF(shee2!D65='Sheet1 (2)'!$C$71,'Sheet1 (2)'!$D$71*('Sheet1 (2)'!$D$72-crack_t_index)/'Sheet1 (2)'!$D$72)))) -> 5 | AX65: =IF(IF(D65='Sheet1 (2)'!$C$69,'Sheet1 (2)'!$D$69*('Sheet1 (2)'!$D$72-rave_index)/'Sheet1 (2)'!$D$72,IF(shee2!D65='Sheet1 (2)'!$C$70,'Sheet1 (2)'!$D$70*('Sheet1 (2)'!$D$72-rave_index)/'Sheet1 (2)'!$D$72,IF(shee2!D65='Sheet1 (2)'!$C$71,'Sheet1 (2)'!$D$71*('Sheet1 (2)'!$D$72-rave_index)/'Sheet1 (2)'!$D$72)))<0,0,IF(D65='Sheet1 (2)'!$C$69,'Sheet1 (2)'!$D$69*('Sheet1 (2)'!$D$72-rave_index)/'Sheet1 (2)'!$D$72,IF(shee2!D65='Sheet1 (2)'!$C$70,'Sheet1 (2)'!$D$70*('Sheet1 (2)'!$D$72-rave_index)/'Sheet1 (2)'!$D$72,IF(shee2!D65='Sheet1 (2)'!$C$71,'Sheet1 (2)'!$D$71*('Sheet1 (2)'!$D$72-rave_index)/'Sheet1 (2)'!$D$72)))) -> 5 | AY65: =IF(IF(D65='Sheet1 (2)'!$C$69,'Sheet1 (2)'!$D$69*('Sheet1 (2)'!$D$72-rough_index)/'Sheet1 (2)'!$D$72,IF(shee2!D65='Sheet1 (2)'!$C$70,'Sheet1 (2)'!$D$70*('Sheet1 (2)'!$D$72-rough_index)/'Sheet1 (2)'!$D$72,IF(shee2!D65='Sheet1 (2)'!$C$71,'Sheet1 (2)'!$D$71*('Sheet1 (2)'!$D$72-rough_index)/'Sheet1 (2)'!$D$72)))<0,0,IF(D65='Sheet1 (2)'!$C$69,'Sheet1 (2)'!$D$69*('Sheet1 (2)'!$D$72-rough_index)/'Sheet1 (2)'!$D$72,IF(shee2!D65='Sheet1 (2)'!$C$70,'Sheet1 (2)'!$D$70*('Sheet1 (2)'!$D$72-rough_index)/'Sheet1 (2)'!$D$72,IF(shee2!D65='Sheet1 (2)'!$C$71,'Sheet1 (2)'!$D$71*('Sheet1 (2)'!$D$72-rough_index)/'Sheet1 (2)'!$D$72)))) -> 2.5 | AZ65: =+(AU65*'Sheet1 (2)'!$C$77)+(AV65*'Sheet1 (2)'!$C$78)+(AW65*'Sheet1 (2)'!$C$79)+(AX65*'Sheet1 (2)'!$C$80)+(AY65*'Sheet1 (2)'!$C$81) -> 3.9375 | BA65: =IF(AZ65="",$AH65,IF(AZ65>=4,"Good",IF(AZ65>=2.5,"Fair",IF(AZ65>=1,"Poor",IF(AZ65>=0,"Very Poor",""))))) -> Fair | BE65: =IF(D65='Sheet1 (2)'!$C$61,'Sheet1 (2)'!$D$61*(counts^2)+'Sheet1 (2)'!$G$61*counts+'Sheet1 (2)'!$J$61,IF(D65='Sheet1 (2)'!$C$62,'Sheet1 (2)'!$D$62*counts+'Sheet1 (2)'!$G$62,IF(D65='Sheet1 (2)'!$C$63,'Sheet1 (2)'!$D$63*counts+'Sheet1 (2)'!$G$63,IF(D65='Sheet1 (2)'!$C$64,'Sheet1 (2)'!$D$64*counts+'Sheet1 (2)'!$G$64)))) -> 2.0984129
